id,file,A01_total_chars,A02_para_count,A03_avg_para_len,A04_para_len_var,A05_avg_sent_len,A06_sent_len_var,A07_dialog_ratio,A08_dialog_turn_density,A09_short_para_ratio,A10_narr_ratio,A11_qmark_density,A12_emark_density,A13_ellipsis_density,A14_dash_density,A15_conflict_density,A16_emotion_density,A17_money_density,A18_number_density,A19_head_dialog_ratio,A20_head_qmarks,A21_head_conflict,A22_first_para_len,A23_first_person_start,A24_first_person_ratio,A25_tail_dialog_ratio,A26_tail_emark_share,A27_last_para_len,A28_finish_mark,A29_ttr_bigram,A30_chengyu_density,A31_tone_density,A32_section_count,A33_avg_section_len,A34_scene_shift_density,A35_title_len,A36_title_has_number,A37_title_suspense,A38_title_identity
001,1800机票不批让我坐高铁，8400万废标后董事长怒了.txt,9721,566,17.175,178.476,14.604,85.774,0.5016,26.952,0.5724,0.5371,9.258,0.0,0.0,0.0,2.572,2.469,1.852,7.098,0.4367,7,3,11,0,2.932,0.2014,0.0,20,0,0.5811,0.0,1.234,0,9721,0.823,27,1,1,0
002,8600万分完后，16亿合同停了.txt,34656,2760,12.557,40.071,11.643,38.134,0.5152,37.194,0.7417,0.533,5.684,0.664,0.115,0.0,1.5,2.799,0.317,3.665,0.0,0,1,15,0,1.899,0.2755,0.0,17,0,0.4531,0.029,0.231,0,34656,0.462,16,1,0,0
003,爱意死在第三次失望里.txt,12110,738,16.409,74.934,15.577,75.658,0.4792,29.149,0.5474,0.5217,4.707,3.386,1.486,0.0,3.386,6.606,0.495,1.734,0.6167,2,0,18,1,3.939,0.121,0.0,36,0,0.5618,0.165,0.578,0,12110,0.248,10,1,0,0
004,爱越云海，故人不候.txt,10426,560,18.618,83.543,16.647,84.744,0.3664,16.401,0.4393,0.6946,4.604,8.824,2.494,0.192,4.316,4.892,0.0,0.671,0.12,0,0,10,0,3.04,0.5388,0.0217,11,0,0.6808,0.192,3.549,0,10426,1.151,9,0,0,0
005,把悲伤留在过去，他给的伤害让他带走.txt,9474,584,16.223,59.127,15.927,56.886,0.4226,24.171,0.5,0.6079,4.117,1.372,0.211,0.0,3.694,4.855,0.106,2.322,0.3567,2,0,30,0,2.85,0.1468,0.0,11,0,0.6553,0.0,1.583,0,9474,1.056,17,0,0,0
006,把我赐婚给暗卫后，王爷他悔吐血.txt,10128,503,20.135,98.654,19.47,112.609,0.3899,19.451,0.3539,0.6083,5.43,4.838,2.765,0.0,2.863,5.332,0.099,1.58,0.38,1,1,23,0,2.231,0.3159,0.0816,6,1,0.7048,0.592,3.258,0,10128,0.691,15,0,0,0
007,把我的保研名额换给废物姐姐后，全家遭了报应.txt,11884,671,17.711,54.298,15.136,58.514,0.3183,16.156,0.3964,0.7139,5.217,10.434,2.693,0.168,7.489,6.143,0.252,0.757,0.2633,0,2,11,0,2.179,0.1386,0.0645,44,0,0.6495,0.841,2.188,0,11884,0.673,21,0,0,0
008,把我送给王爷解毒后，未婚夫他悔疯了.txt,10268,557,18.434,79.046,18.81,104.293,0.3385,19.575,0.4237,0.6463,6.623,3.311,4.48,0.195,3.311,5.356,0.097,1.656,0.1733,3,0,18,1,3.496,0.1237,0.0,6,1,0.7163,0.974,2.824,0,10268,0.0,17,0,2,0
009,爸爸为私生女改我志愿，我反手让她退档.txt,10139,630,16.094,104.844,15.398,104.0,0.3442,15.978,0.5905,0.7429,4.537,4.734,1.184,0.789,5.72,3.945,0.493,5.03,0.0,0,2,10,0,3.176,0.1174,0.125,5,1,0.6246,0.296,2.466,0,10139,0.493,18,0,0,0
010,爸妈，我不想再做姐姐的墓碑了.txt,10086,637,15.834,47.756,14.934,74.296,0.3198,16.26,0.5651,0.7441,6.445,4.561,0.0,0.0,5.156,5.255,0.0,2.28,0.17,2,4,1,0,3.421,0.3528,0.0435,13,0,0.6356,0.099,2.38,0,10086,0.694,14,0,0,0
011,爸妈离婚那天，我妈一句话，哥哥吓得站不住了.txt,15768,1036,15.22,60.5,6.587,19.581,0.0,0.0,0.5483,1.0,5.771,0.507,10.781,1.268,2.093,3.869,0.254,62.151,0.0,2,0,20,1,3.336,0.0,0.0,8,0,0.5288,0.063,1.332,0,15768,0.571,21,1,0,0
012,爸妈离婚问我跟谁，我指着房子：你们都滚，它归我.txt,19615,1402,13.991,94.262,11.97,67.416,0.4149,28.906,0.6797,0.5999,9.839,1.326,3.365,6.118,2.498,2.855,1.173,6.067,0.1867,1,1,3,0,3.232,0.3507,0.0,6,0,0.5416,0.051,2.039,32,613.0,0.51,23,0,0,0
013,爸妈只宠哥哥，却不知我有个影子哥哥宠.txt,10066,460,21.883,219.56,14.627,111.931,0.4142,26.227,0.4283,0.5087,11.723,9.636,9.736,1.59,4.57,3.378,0.0,0.397,0.3067,4,2,23,0,2.752,0.2939,0.0722,19,0,0.6383,0.099,4.371,0,10066,0.993,18,0,0,0
014,霸凌者母亲说我女儿勾引她儿子，重生后我在家长会上杀疯了.txt,10607,760,13.957,66.142,14.876,67.39,0.4143,24.606,0.6632,0.6592,8.768,1.414,0.377,0.0,3.017,3.771,0.0,0.943,0.0967,1,1,17,0,2.668,0.2846,0.0667,14,0,0.5726,0.0,1.32,0,10607,0.566,27,0,1,0
015,白月光回国，我提着红桶离婚，冰山总裁老婆悔疯了.txt,22406,1821,12.304,60.6,10.604,35.145,0.5003,37.936,0.7589,0.5332,11.872,0.625,0.0,0.0,4.106,5.623,0.0,0.223,0.2667,3,0,25,0,2.62,0.5029,0.0,10,0,0.488,0.089,1.517,0,22406,0.312,23,0,2,2
016,百家被缝满偏心，那我就去找属于自己的家.txt,10580,598,17.692,61.16,15.769,61.639,0.3587,20.416,0.4231,0.6405,7.656,2.552,0.0,0.189,3.686,4.726,0.095,1.323,0.2,1,3,2,0,2.628,0.2647,0.0,17,0,0.6602,0.756,4.442,0,10580,0.851,19,1,0,0
017,帮女同桌垫了三年饭钱，十五年后她还我整个世界.txt,30394,2310,13.158,47.543,12.212,47.043,0.4155,32.079,0.6909,0.5779,6.909,0.23,1.316,0.0,3.422,3.849,0.132,2.007,0.2133,0,0,17,0,2.52,0.4543,0.0,8,0,0.4948,0.033,0.79,0,30394,0.494,22,1,0,0
018,绑定反派系统后，佛系真千金靠长了嘴整顿豪门.txt,14687,1041,14.109,82.681,11.834,45.927,0.3957,26.963,0.6868,0.6215,9.396,5.583,0.681,0.0,4.358,9.532,0.0,1.294,0.5333,1,2,21,1,3.738,0.3213,0.0244,5,0,0.5764,0.272,2.315,1,14687.0,0.681,21,1,0,1
019,保姆女儿冒领身份钓金龟婿，宴会上我带全家来打脸了.txt,10501,645,16.281,120.003,13.273,58.814,0.4687,21.903,0.6047,0.6434,10.094,2.952,1.905,0.0,5.714,6.285,0.19,1.333,0.45,3,0,24,0,4.19,0.2531,0.0,19,0,0.6256,0.19,2.666,0,10501,0.381,24,0,0,1
020,保姆女儿偷我推荐名额上名校，还逼我送房，我不装了.txt,19838,1767,11.227,28.574,10.773,31.486,0.0,0.0,0.807,1.0,11.443,0.857,0.0,0.0,2.47,2.268,0.554,2.067,0.0,2,0,20,0,2.793,0.0,0.0588,29,0,0.524,0.05,1.462,0,19838,0.605,24,0,0,1
021,报备型男友发糊照后，跪求我回头.txt,10368,560,18.514,110.092,17.575,129.614,0.4063,21.412,0.4518,0.6143,5.98,1.64,1.543,1.35,4.437,3.665,0.0,0.675,0.3333,0,2,19,0,2.797,0.6516,0.0,14,0,0.6639,0.096,2.508,0,10368,0.772,15,0,0,0
022,碑上不见旧时名.txt,12495,912,13.701,34.407,12.563,36.3,0.2844,22.489,0.6732,0.6919,5.922,2.721,2.721,0.0,5.842,8.323,0.08,0.56,0.2033,1,3,25,0,3.001,0.3352,0.0294,18,0,0.5941,0.16,0.96,0,12495,0.88,7,0,0,0
023,北京大妞竟是走丢真千金，教我规矩我反手掀桌.txt,10609,758,13.996,98.392,11.103,36.93,0.5044,29.22,0.7005,0.6174,7.258,0.471,1.32,0.0,2.451,8.012,0.0,0.943,0.27,2,1,14,1,3.949,0.2865,0.2,27,0,0.6154,0.0,1.414,0,10609,0.66,21,1,1,1
024,被拒盖实习章，她离婚怒嫁前夫对手.txt,25540,1137,22.463,218.446,21.218,185.483,0.3546,15.701,0.3641,0.6807,6.108,2.78,0.0,0.392,3.328,3.602,0.196,2.075,0.2533,2,0,1,0,1.214,0.2603,0.0,5,1,0.5746,0.431,2.193,0,25540,0.705,16,0,0,1
025,被困笼的飞鸟，终得解脱 .txt,10947,641,17.078,52.649,16.219,54.263,0.2315,12.789,0.4056,0.7816,2.558,5.116,4.019,0.183,7.125,7.582,1.462,2.832,0.3533,1,3,1,0,2.896,0.0256,0.0357,18,0,0.6564,0.548,1.096,0,10947,1.644,11,0,0,0
026,被阎王退货后，我开摆了.txt,13344,710,18.794,119.153,16.253,82.134,0.3103,19.26,0.4761,0.6521,5.021,3.972,4.047,0.0,5.021,4.871,0.0,0.225,0.1833,2,4,28,1,2.96,0.2124,0.0,12,0,0.6084,0.0,1.874,0,13344,0.3,11,0,0,0
027,被遗忘的第四人.txt,10818,503,21.507,120.067,24.714,289.137,0.3403,12.294,0.2883,0.8052,4.529,6.101,3.143,0.924,3.882,3.605,0.092,2.034,0.08,1,1,7,1,2.967,0.0866,0.0455,21,0,0.6701,0.74,3.605,0,10818,1.017,7,1,0,0
028,逼我上交工资？可我们早离了啊.txt,12282,664,18.497,93.771,15.354,75.914,0.3911,18.075,0.4307,0.6732,5.944,8.061,0.0,0.326,4.885,5.944,1.873,5.048,0.27,3,3,2,0,2.622,0.336,0.0303,13,0,0.6628,0.407,2.687,0,12282,1.14,14,0,0,0
029,变成娃娃后，全家追悔莫及.txt,10277,499,20.595,95.94,20.037,110.167,0.4288,19.072,0.3447,0.6072,6.033,0.097,2.335,0.0,3.016,7.979,0.584,0.876,0.4467,1,2,24,0,2.549,0.3356,0.0,5,1,0.6031,0.195,3.892,0,10277,0.973,12,0,0,0
030,标兵室友没收我急救药，重生后我送她进派出所.txt,9432,546,17.275,79.445,15.253,59.482,0.4448,27.672,0.489,0.533,7.316,3.287,1.06,0.0,4.559,5.089,0.0,1.802,0.3,1,0,21,0,2.523,0.1939,0.0323,14,0,0.6743,0.106,1.696,0,9432,1.06,21,0,0,1
031,表舅让我赔表弟医药费，可我根本没见过他.txt,10479,557,18.813,94.945,14.966,55.599,0.6034,26.148,0.3968,0.5081,11.833,8.302,0.763,0.0,5.63,3.817,0.859,4.294,0.5133,5,3,16,0,2.777,0.3521,0.2069,23,0,0.6047,0.191,6.394,0,10479,0.382,19,0,0,0
032,别跟逻辑怪讲人情，我专治各种不服.txt,10149,604,16.803,34.036,15.366,32.197,0.3036,15.962,0.447,0.7318,3.843,2.365,0.197,0.394,6.208,4.532,1.478,4.138,0.2833,3,3,8,1,2.926,0.0384,0.0,11,0,0.622,0.0,2.365,0,10149,0.394,16,0,0,0
033,别人忙着答辩我忙着吐，检查结果竟是双胞胎！.txt,36444,2845,12.81,48.794,11.905,48.14,0.3989,33.092,0.7244,0.5761,5.817,0.11,0.055,0.0,2.442,4.253,0.0,1.043,0.0267,0,2,21,0,3.515,0.2206,0.0,8,0,0.4419,0.0,0.494,0,36444,0.494,21,0,2,0
034,别说我嫉妒假千金！被八个大佬舅舅团宠的我只想跟美人贴贴.txt,10321,798,12.934,50.824,12.287,46.135,0.4163,25.87,0.703,0.6654,6.589,4.554,1.55,0.0,1.744,6.782,0.0,1.066,0.3033,0,0,9,1,3.343,0.3582,0.0,7,0,0.6509,0.097,1.938,0,10321,0.388,27,1,0,1
035,不帮同事保管报销单后，污蔑我偷发票的实习生悔疯了.txt,8949,547,16.36,60.351,15.6,65.957,0.2887,16.65,0.5101,0.7294,2.794,1.564,4.246,0.0,4.358,2.458,1.9,6.705,0.2,0,2,1,0,2.447,0.2369,0.0,5,1,0.6224,0.0,1.564,0,8949,0.894,24,0,2,2
036,不帮同学保管书包，污蔑我偷班费的转校生悔疯了.txt,12246,981,12.483,56.798,12.698,50.381,0.3508,22.946,0.7329,0.7156,4.9,1.062,2.286,0.0,1.96,3.756,0.572,2.776,0.1433,0,4,3,0,3.511,0.102,0.0,10,0,0.5857,0.0,1.388,12,1020.5,0.898,22,0,2,0
037,部门聚餐，实习生说他工资是我两倍.txt,12082,1161,10.407,39.847,9.981,45.311,0.3056,25.079,0.8639,0.739,4.056,1.904,0.662,0.0,3.476,6.456,1.655,5.711,0.1633,1,0,25,0,4.188,0.263,0.0,4,0,0.6005,0.331,1.407,0,12082,1.655,16,1,0,1
038,彩票中了5000万，妻子却让我装穷鬼.txt,27836,2408,11.56,34.905,10.655,33.848,0.4135,31.937,0.7799,0.6308,8.909,0.359,0.216,0.0,4.491,4.562,0.072,3.018,0.0367,0,4,9,1,3.657,0.2381,0.0,16,0,0.4788,0.036,0.898,0,27836,0.467,18,1,0,1
039,残诗煮酒月难圆.txt,9168,593,15.46,59.092,16.354,60.592,0.2899,18.106,0.5464,0.7201,8.181,1.309,1.091,0.0,2.072,5.563,0.0,1.2,0.0,2,1,14,0,2.934,0.2007,0.1667,13,0,0.6215,0.0,3.381,0,9168,2.291,7,0,0,0
040,曾为你画地为牢.txt,20380,1128,18.067,89.55,16.841,118.155,0.3174,19.333,0.4557,0.672,7.556,2.846,0.0,0.294,2.993,6.084,0.0,1.766,0.2567,3,0,2,0,2.792,0.4058,0.0862,40,0,0.5913,0.343,1.423,0,20380,1.325,7,0,0,0
041,朝来一去关山隔.txt,10525,608,17.311,46.931,16.443,45.288,0.3077,16.532,0.426,0.7138,3.42,2.375,1.14,0.38,4.466,3.8,0.0,1.9,0.5233,0,0,3,0,3.354,0.3134,0.04,3,0,0.6212,0.285,4.751,9,1169.4,0.285,7,1,0,0
042,朝曦不借晚星光.txt,14566,688,21.172,229.147,16.83,109.745,0.3317,15.241,0.436,0.7137,4.874,1.098,0.0,0.137,2.746,1.922,0.549,2.609,0.19,0,0,4,0,2.574,0.12,0.0625,7,1,0.6239,0.481,1.785,0,14566,0.343,7,0,0,0
043,尘缘起落自安然.txt,10903,466,23.397,156.948,23.367,167.002,0.4341,15.867,0.2897,0.6288,6.695,1.101,1.651,0.0,3.76,5.32,0.0,0.183,0.4433,1,0,24,0,2.504,0.2493,0.0833,26,0,0.5958,0.092,3.027,0,10903,0.917,7,0,0,0
044,趁春游换走首富孩子？一个电话直接封锁海陆空.txt,8280,480,17.25,77.897,22.77,197.367,0.2789,15.821,0.4604,0.7292,3.019,7.488,1.691,0.966,3.865,3.744,0.362,3.502,0.0,1,1,23,0,2.053,0.1544,0.0,9,0,0.7454,0.121,1.449,0,8280,0.483,21,1,1,0
045,趁我出差，丈夫卖别墅带全家移民，我杀疯了.txt,11349,660,17.195,119.745,15.131,89.023,0.4317,22.645,0.5061,0.6121,4.053,4.318,4.229,0.0,4.053,4.053,0.088,3.701,0.1033,1,4,13,0,2.881,0.3445,0.0,13,0,0.623,0.0,2.379,0,11349,0.352,20,0,1,0
046,成为省状元的升学宴上，我妈报警抓了我.txt,9350,447,20.917,218.845,19.353,193.357,0.4948,16.684,0.4385,0.6532,6.417,0.428,1.711,0.0,2.353,5.561,0.0,1.604,0.7033,0,0,3,0,3.561,0.2,0.0,9,0,0.6568,0.321,2.995,9,1038.9,0.749,18,0,0,0
047,成为太监后，我杀疯了.txt,10656,455,23.42,188.371,19.541,122.754,0.2188,11.918,0.3033,0.7538,2.721,3.097,2.909,0.938,3.003,3.848,0.0,1.783,0.16,0,2,30,1,2.721,0.2345,0.303,14,0,0.6957,0.469,0.657,0,10656,0.563,10,0,1,0
048,成为植物人后，听到老公的心里话，我重生了.txt,9929,773,12.845,54.68,12.433,52.825,0.4292,29.912,0.727,0.6184,8.259,1.712,0.403,0.0,3.324,6.647,0.0,1.108,0.6633,4,2,24,0,4.401,0.3474,0.1176,22,0,0.6223,0.101,1.712,0,9929,0.806,20,0,0,1
049,迟爱无用，风月新程.txt,25217,1052,23.971,95.973,19.469,130.189,0.3215,15.069,0.2072,0.6587,6.385,7.733,9.438,0.555,4.441,7.733,0.0,0.198,0.3567,2,0,19,0,1.087,0.2454,0.0256,22,0,0.6128,0.317,2.657,0,25217,0.595,9,0,0,0
050,迟来的爱，追不上三千二百公里.txt,11298,670,16.863,67.041,15.812,62.518,0.3298,16.817,0.4687,0.7164,6.107,0.62,0.0,0.0,2.832,3.806,0.797,3.806,0.3033,1,1,1,0,3.753,0.408,0.0,15,0,0.597,0.266,1.859,0,11298,0.974,14,1,0,0
051,迟来的三千元，耗光我的深情.txt,10861,403,26.95,310.553,23.237,192.181,0.4593,12.982,0.2779,0.6501,3.499,3.591,0.552,0.0,5.064,4.419,0.921,2.302,0.3633,0,0,19,0,4.254,0.2833,0.0769,21,0,0.6574,0.092,1.934,0,10861,0.552,13,1,0,0
052,迟遇无春.txt,10201,689,14.806,41.58,13.766,37.783,0.448,24.998,0.5806,0.6299,5.098,1.176,0.0,0.0,3.725,3.823,0.0,1.078,0.3033,1,1,1,0,4.029,0.4358,0.5,9,0,0.649,0.392,3.627,0,10201,0.686,4,0,0,0
053,出狱后，为给小助理出气亲手送我进监狱的未婚妻悔疯了.txt,9663,571,16.923,75.749,16.978,96.843,0.3596,19.559,0.4939,0.669,8.382,6.52,3.933,1.242,5.899,6.209,0.103,0.828,0.2133,5,1,24,0,2.587,0.242,0.0476,5,1,0.6418,0.207,2.07,0,9663,0.517,25,0,2,0
054,穿不上的婚纱，我不穿了.txt,12122,621,19.52,135.09,18.05,113.422,0.1847,12.457,0.4203,0.7794,5.197,1.98,0.495,1.485,3.217,5.362,0.0,0.907,0.3733,1,0,20,0,2.417,0.0725,0.0,23,0,0.6152,0.495,2.227,0,12122,0.495,11,0,0,0
055,穿书成作精，弹幕预知我是炮灰，收敛脾气后，冰山父子满心满眼只有我.txt,16647,809,20.577,150.75,18.191,122.647,0.1588,8.23,0.3795,0.8307,7.689,3.064,7.088,0.0,3.064,5.346,0.06,1.261,0.04,0,1,23,1,3.412,0.2121,0.1961,29,1,0.5707,0.18,3.965,0,16647,0.3,32,0,0,0
056,穿拖鞋去相亲，京城第一美人不让我走.txt,33136,2172,15.256,137.421,11.692,69.668,0.3221,26.346,0.6634,0.6542,7.001,0.573,2.173,14.425,3.139,2.535,0.241,1.298,0.13,1,0,17,0,0.815,0.2028,0.0,8,0,0.4906,0.181,2.173,0,33136,0.724,17,1,0,0
057,穿越成虐文男主，面对高冷老婆提离婚，我狂喜签字.txt,11103,674,16.473,186.967,9.0,44.36,0.0,0.0,0.6187,1.0,4.683,1.351,5.044,11.528,3.062,3.693,0.18,38.278,0.0,1,2,21,0,2.044,0.0,0.0,23,1,0.6687,0.18,1.261,11,1009.4,0.45,23,0,0,1
058,春潮带雨晚来急，我欲与君绝.txt,9542,516,18.492,79.998,15.934,70.083,0.3452,16.454,0.4205,0.6996,5.03,5.24,4.821,0.0,3.563,4.821,0.0,0.105,0.2933,3,0,27,1,2.452,0.3916,0.0,19,0,0.679,0.21,2.83,0,9542,0.629,13,0,0,0
059,春情雾散负韶光.txt,9020,584,15.445,77.107,15.016,84.787,0.363,20.288,0.5942,0.6884,9.202,1.774,0.0,1.109,2.439,4.767,0.0,2.439,0.1033,1,1,3,0,3.237,0.2428,0.0,12,0,0.7272,0.111,1.663,16,563.8,0.333,7,0,0,0
060,此程落幕，前路繁花.txt,9941,541,18.375,78.66,17.174,72.69,0.2961,14.586,0.4011,0.732,4.627,1.811,3.018,0.0,3.118,7.746,0.0,1.107,0.27,1,0,1,0,3.36,0.2101,0.1111,12,0,0.6286,0.704,1.308,8,1242.6,0.805,9,0,0,0
061,此生也算等过你.txt,9930,463,21.447,220.632,19.284,168.068,0.3456,13.192,0.419,0.7192,5.539,1.511,2.216,0.201,2.216,3.323,0.0,0.0,0.2533,2,1,37,0,3.283,0.3061,0.2,13,0,0.6289,0.302,2.518,0,9930,0.403,7,0,0,0
062,从此山海，再无归期.txt,9605,460,20.88,101.453,20.677,105.361,0.329,12.493,0.3087,0.7391,3.123,0.937,0.416,0.0,2.29,4.581,0.208,1.666,0.2367,2,1,4,0,3.977,0.2081,0.1111,15,0,0.6063,0.521,1.353,8,1200.6,1.145,9,0,0,0
063,从此山水各一程.txt,10716,463,23.145,125.268,21.974,92.772,0.2557,10.638,0.2354,0.7538,3.173,2.24,1.68,0.0,4.106,5.506,0.093,1.866,0.1567,0,1,1,0,2.856,0.1586,0.1667,9,0,0.6572,0.28,1.493,0,10716,1.12,7,1,0,0
064,从此我为灯，不必借天光.txt,9817,692,14.186,69.259,13.433,73.96,0.3665,27.401,0.6488,0.6142,6.621,3.056,3.26,0.0,3.463,4.38,0.0,1.121,0.23,1,1,1,0,3.025,0.22,0.0,9,0,0.6719,0.0,1.528,0,9817,0.611,11,0,0,0
065,从此无心爱与恨.txt,10360,498,20.803,61.038,21.727,91.033,0.0,0.0,0.239,1.0,3.861,1.351,3.668,0.0,3.764,4.826,0.097,1.062,0.0,1,2,3,0,3.504,0.0,0.0,16,0,0.6742,0.29,1.351,10,1036.0,0.676,7,0,0,0
066,从此昭昭明月，再无箭女.txt,10542,413,25.525,214.157,22.851,202.046,0.3187,12.711,0.247,0.6852,5.028,5.881,0.0,0.0,2.846,3.035,0.854,2.561,0.2333,1,1,1,0,2.599,0.3649,0.1613,5,1,0.6547,0.285,2.466,0,10542,1.423,11,0,0,0
067,从阳台隔间到二十二楼，我用了一张火车票的距离.txt,9803,527,18.602,60.441,18.261,89.175,0.3379,20.708,0.3947,0.6167,6.937,2.244,0.0,0.204,5.202,4.998,0.306,1.938,0.24,3,1,2,0,3.591,0.3344,0.1364,7,0,0.618,0.0,3.06,0,9803,0.714,22,1,0,0
068,错遇一程误半生.txt,8522,513,16.612,62.834,15.712,68.084,0.3024,15.02,0.4951,0.7505,4.576,1.525,0.0,0.0,3.872,3.403,0.235,1.291,0.1433,2,2,1,0,2.922,0.3986,0.1538,5,1,0.6055,0.235,0.704,8,1065.2,1.056,7,1,0,0
069,打错彩票后，表姐让我赔一百万.txt,9252,352,26.284,247.474,21.416,151.444,0.3508,14.591,0.267,0.6307,4.648,0.865,0.649,0.0,6.053,3.459,3.891,7.566,0.07,0,6,28,0,3.978,0.106,0.25,12,0,0.6616,0.0,4.648,0,9252,1.189,14,1,0,0
070,打赌我不敢退婚？我退群后他悔疯了.txt,10792,409,26.386,116.296,24.813,104.539,0.4041,20.941,0.1467,0.4474,5.56,0.278,0.371,0.0,4.077,5.652,0.093,0.371,0.47,2,1,22,0,2.891,0.2581,0.0,19,0,0.6786,0.093,2.409,0,10792,0.834,16,0,2,0
071,大姑姐拖家八口避暑，我直接交手机进修让老公接待.txt,33643,2662,12.638,37.891,11.739,37.1,0.3822,28.594,0.7246,0.6386,6.718,0.178,0.0,0.059,4.429,3.329,0.059,1.278,0.38,3,1,14,0,0.921,0.2895,0.0,17,0,0.4597,0.268,0.684,0,33643,0.446,23,1,1,1
072,大姑姐问我要九十九万陪嫁，我让她滚.txt,9227,586,15.746,125.858,19.05,127.547,0.379,18.316,0.6126,0.7184,5.961,2.818,1.084,0.0,5.202,5.419,0.108,3.36,0.3267,2,1,2,0,2.97,0.1104,0.0,10,0,0.6751,0.108,2.168,0,9227,0.65,17,1,0,0
073,弹幕让我斗表姐，我把她捧成活靶子.txt,30987,2056,15.071,104.955,12.657,54.218,0.3235,18.621,0.6435,0.7257,5.228,2.679,1.678,0.065,2.098,6.132,0.0,0.484,0.26,0,2,1,0,2.466,0.2749,0.012,10,0,0.5186,0.129,1.097,0,30987,0.549,16,0,0,0
074,弹幕说老公今晚要杀妻！.txt,9350,413,22.639,143.664,21.085,116.979,0.1564,5.775,0.2857,0.8692,4.278,5.348,3.422,0.0,2.781,3.957,0.0,2.46,0.09,0,0,18,0,3.005,0.3497,0.12,5,1,0.6681,0.535,2.139,0,9350,1.07,11,0,0,1
075,弹幕说男朋友拿我身份网恋骗人百万，我直接让他跪着求饶.txt,11703,883,13.254,56.069,12.225,56.54,0.3468,24.438,0.7078,0.6818,8.118,0.854,0.0,0.0,3.247,5.554,0.854,1.624,0.1067,2,1,20,0,4.289,0.2989,0.1,8,0,0.598,0.171,1.453,0,11703,0.854,26,1,1,0
076,弹幕说他绝嗣命，我只想让他平摊手术费.txt,23150,1592,14.541,143.993,11.86,76.111,0.2753,19.654,0.6803,0.7456,8.207,0.821,6.695,7.948,3.11,2.117,0.475,3.801,0.1,5,1,16,0,3.335,0.7885,0.0,6,0,0.5121,0.13,3.283,0,23150,0.778,18,0,0,0
077,弹幕预警后，我主动举报自己携带违禁品.txt,8793,780,11.273,35.437,11.01,38.209,0.5179,38.098,0.7859,0.5705,7.961,3.867,0.455,0.227,2.957,5.8,0.0,1.706,0.2,1,2,3,0,3.457,0.2375,0.0,10,0,0.6362,0.0,1.478,9,977.0,0.227,18,0,0,0
078,当爱意凋零.txt,10030,468,21.432,319.51,19.388,294.481,0.3285,20.439,0.5385,0.5897,3.39,9.472,0.399,0.0,5.484,7.079,0.0,0.299,0.1967,0,0,20,0,4.337,0.3131,0.0632,5,1,0.6316,0.299,2.692,1,10030.0,0.0,5,0,0,0
079,当东北真千金遇上自闭症假千金.txt,9887,748,13.218,35.299,13.779,74.256,0.3743,14.767,0.7045,0.8061,5.866,6.17,0.0,0.0,3.641,7.889,0.0,1.011,0.4267,0,0,18,1,2.761,0.4216,0.0,5,1,0.6762,0.101,3.843,0,9887,0.607,14,1,0,1
080,当红小花抱着影帝家的狗子装它妈，那我是谁？.txt,10564,514,20.553,122.215,20.95,136.688,0.2721,10.981,0.3541,0.7743,6.816,2.934,0.0,0.0,4.544,5.206,0.0,1.231,0.2367,1,1,1,0,2.632,0.2731,0.129,5,1,0.6201,0.379,9.087,0,10564,0.379,21,0,0,0
081,当然了游戏后，我成全了老公和女兄弟.txt,10038,469,21.403,55.989,18.844,65.744,0.3481,15.142,0.1834,0.6759,4.583,3.985,3.387,0.0,4.682,6.077,0.1,0.299,0.4767,0,0,30,0,3.098,0.0279,0.0,11,0,0.6802,0.697,2.291,0,10038,0.697,17,0,0,1
082,灯火未央，君已离席.txt,5070,327,15.505,58.097,14.401,51.14,0.3393,23.274,0.5413,0.6391,4.536,2.17,1.183,0.0,2.761,3.748,0.197,0.986,0.33,0,4,17,0,3.215,0.2189,0.0909,4,0,0.716,0.197,1.775,0,5070,0.986,9,0,0,0
083,灯灭一次，不为旧人亮.txt,12324,762,16.173,68.631,13.77,49.026,0.3354,18.582,0.5433,0.7008,6.816,0.243,0.974,0.0,4.625,3.733,0.0,0.325,0.18,2,3,18,0,2.864,0.2417,0.0,12,0,0.6597,0.081,1.379,0,12324,1.136,10,1,0,0
084,等不到第八日.txt,11050,718,15.39,75.737,13.752,52.467,0.3733,22.715,0.6072,0.6504,5.068,0.09,0.362,0.0,1.538,1.176,0.09,2.353,0.2,0,0,11,1,2.127,0.2579,0.0,5,1,0.6009,0.0,0.905,0,11050,0.362,6,1,0,0
085,等待到荒芜时剧终人散.txt,10269,401,25.608,149.465,22.942,107.584,0.2643,11.296,0.1945,0.7132,4.674,0.779,0.0,0.0,4.577,6.135,0.0,1.655,0.27,2,1,2,0,3.876,0.0204,0.0,38,0,0.6322,0.097,2.24,0,10269,0.097,10,0,0,0
086,等烟火散尽，我也走远.txt,9894,718,13.78,33.901,13.147,37.25,0.2943,21.932,0.6588,0.6978,4.548,0.0,1.011,0.0,3.234,5.155,0.0,0.202,0.36,0,0,17,0,3.174,0.201,0.0,8,0,0.5797,0.303,0.707,0,9894,0.809,10,0,0,0
087,等一场永昼长明.txt,9075,554,16.381,73.431,15.91,75.253,0.229,12.452,0.5126,0.7996,4.959,2.094,2.645,0.0,3.196,5.84,0.0,1.212,0.0,0,0,14,1,3.008,0.4901,0.1053,5,1,0.6825,0.441,1.873,0,9075,1.653,7,1,0,0
088,低于五位数的转账，到底该怎么花啊.txt,17135,763,22.457,126.134,19.947,117.019,0.3724,18.267,0.2831,0.5976,4.552,4.144,0.0,0.117,3.151,4.319,0.058,1.401,0.42,0,0,4,0,1.751,0.3785,0.2113,7,1,0.6018,0.233,2.451,0,17135,0.584,16,1,0,0
089,弟弟满月酒当天，我家破人亡.txt,11892,755,15.751,81.162,15.428,81.588,0.6197,32.459,0.5828,0.4887,8.325,2.943,4.709,0.0,5.129,3.28,0.0,4.12,0.27,0,2,3,0,2.413,0.4218,0.2571,18,0,0.5577,0.0,0.925,12,991.0,1.177,13,0,0,0
090,弟弟确诊自闭症那天，我再也没有妈妈了.txt,10218,843,12.121,37.428,11.761,38.672,0.2412,17.812,0.7473,0.7877,5.676,0.881,1.762,0.0,3.132,6.459,0.391,2.153,0.1867,4,1,22,0,3.523,0.1448,0.0,7,0,0.6376,0.294,0.391,0,10218,0.783,18,0,0,0
091,第八次领证失败后，我换人结婚了.txt,20628,2244,9.193,22.655,8.85,31.13,0.3984,36.213,0.9274,0.6671,8.096,0.873,1.163,0.0,1.939,7.126,0.0,1.648,0.41,0,0,20,0,4.266,0.2579,0.0,3,1,0.4893,0.242,1.697,0,20628,0.339,15,1,0,0
092,东风解我意，风止意难平.txt,10090,660,15.288,36.641,13.787,39.557,0.2889,20.218,0.5394,0.6924,5.55,2.478,3.072,0.099,2.577,7.235,0.099,0.793,0.2667,0,4,29,1,3.231,0.1407,0.0,5,1,0.62,0.496,4.46,0,10090,0.892,11,0,0,0
093,峒寨莺声，穿林渡翠微.txt,22298,1096,20.345,120.186,19.621,127.611,0.2526,13.32,0.3622,0.7372,4.44,0.987,2.332,1.076,2.87,3.857,0.0,0.179,0.14,0,0,3,0,0.691,0.0991,0.0,13,0,0.5779,0.224,0.852,40,557.5,0.897,10,0,0,0
094,儿子被诬陷偷窃开除，我把污蔑者告到痛哭流涕.txt,9155,678,13.503,53.244,12.699,55.989,0.3608,23.812,0.677,0.6814,6.445,0.437,0.874,0.0,2.949,4.697,0.109,1.529,0.1333,0,4,21,0,2.436,0.1354,0.0,11,0,0.6623,0.0,0.655,0,9155,0.983,21,0,0,0
095,儿子非要把前夫接来吃饭，我一气跟儿子断绝母子情.txt,13725,651,21.083,189.542,16.401,104.54,0.3038,15.811,0.4009,0.7143,7.213,5.246,6.557,0.437,3.424,4.444,0.073,1.384,0.36,1,0,23,0,4.517,0.1763,0.0972,19,0,0.5812,0.364,1.53,0,13725,0.656,23,1,0,1
096,二十年前她害我入贱籍，二十年后我亲点她女儿和亲.txt,11240,609,18.456,86.521,16.537,82.433,0.5399,29.004,0.4466,0.4729,9.075,4.982,0.0,0.178,3.381,6.851,0.0,4.181,0.02,0,0,2,0,2.411,0.2865,0.0536,6,0,0.631,0.356,0.89,0,11240,0.267,23,1,0,0
097,番塔年年燃，离别岁岁长.txt,10314,565,18.255,86.431,16.815,79.313,0.371,17.549,0.4496,0.6832,6.108,2.812,3.103,0.0,5.914,5.526,0.388,2.715,0.2733,2,0,3,0,2.918,0.5019,0.069,4,1,0.6281,0.0,2.036,10,1031.4,1.163,11,0,0,0
098,反方向的钟永远拨不回正.txt,9995,378,26.442,191.402,23.673,181.205,0.4356,14.507,0.1905,0.6164,8.504,6.203,5.803,0.0,4.502,6.303,0.0,1.001,0.5733,2,1,26,0,3.392,0.175,0.0,21,0,0.5936,0.5,1.801,0,9995,0.5,11,0,0,0
099,飞鸟已乘风，不候迟来人.txt,10419,449,23.205,175.124,24.012,180.781,0.2878,11.325,0.2606,0.7416,3.455,1.632,3.551,0.0,3.071,5.183,0.0,0.48,0.5167,0,0,25,0,2.63,0.3384,0.1765,26,0,0.6736,0.864,2.879,0,10419,0.48,11,0,0,0
100,飞霜冷透七夕情.txt,10717,595,18.012,90.25,15.71,68.234,0.3953,23.701,0.4941,0.5916,6.812,0.187,1.12,0.0,1.866,3.826,0.0,1.12,0.4833,2,1,22,0,4.218,0.208,0.0,10,0,0.519,0.0,0.467,0,10717,0.467,7,1,0,0
101,废蕾丝与旧银链.txt,10330,754,13.7,71.743,13.281,55.405,0.3179,17.522,0.6671,0.7599,4.453,0.484,0.774,0.0,3.195,4.84,0.194,0.678,0.22,0,0,13,0,3.04,0.1907,0.0,22,0,0.6411,0.0,0.774,0,10330,0.968,7,0,0,0
102,分手后，前男友的替身们对我一见钟情.txt,10622,503,21.117,164.267,18.162,143.977,0.4335,21.277,0.3658,0.5586,5.743,5.743,3.672,0.565,4.613,4.425,0.0,1.977,0.1033,1,0,22,0,3.483,0.4544,0.1311,14,0,0.6856,0.282,6.025,0,10622,0.941,17,1,0,0
103,分手后，我取消了前女友87项自动代付功能.txt,13405,873,15.355,154.397,12.73,72.47,0.5503,24.618,0.6449,0.6724,6.341,1.492,3.879,7.162,3.133,2.611,1.492,8.653,0.13,0,2,25,3,2.797,0.2146,0.0,40,0,0.5817,0.224,2.76,0,13405,0.448,20,1,0,0
104,分手后我让共友闺蜜二选一，她走向了男友.txt,10433,421,24.781,201.819,24.325,181.351,0.3203,12.46,0.2304,0.6912,2.109,0.096,0.0,0.0,2.78,6.422,0.0,1.438,0.22,0,2,2,0,3.479,0.2548,1.0,15,0,0.6579,0.192,1.725,0,10433,1.246,19,1,0,1
105,风吹过空白的素描本.txt,12952,707,18.32,198.818,13.055,52.414,0.4395,20.615,0.5743,0.6987,5.096,1.313,0.0,0.618,2.471,2.085,1.313,4.941,0.2367,1,0,4,0,3.297,0.3257,0.0,7,1,0.6131,0.309,1.467,0,12952,1.081,9,0,0,0
106,风吹银铃，再无明远.txt,10414,526,19.798,103.207,17.108,102.877,0.3666,20.645,0.3726,0.5932,7.394,4.129,3.841,0.0,4.513,4.321,0.288,0.864,0.0933,0,3,10,1,2.439,0.1113,0.0698,18,0,0.6651,0.672,2.305,0,10414,0.48,9,0,0,0
107,风过寒凉，唯余旧梦碎.txt,11503,706,16.293,55.689,14.544,49.623,0.3387,21.125,0.4858,0.6601,6.433,1.217,2.782,0.0,3.912,4.173,0.087,1.652,0.09,0,0,9,1,2.912,0.2754,0.1429,5,1,0.64,0.782,2.26,0,11503,0.956,10,0,0,0
108,风景都看完，不必说错过.txt,11030,621,17.762,57.433,16.8,57.498,0.2017,11.151,0.3961,0.8019,2.901,2.267,2.357,0.363,3.808,2.992,0.363,1.179,0.1933,0,4,16,0,3.218,0.2281,0.24,13,0,0.6462,0.272,1.995,0,11030,0.907,11,0,0,0
109,风来的那天，我退出了三人群.txt,11221,708,15.849,101.806,13.959,60.821,0.3865,29.498,0.5946,0.5537,10.962,0.178,0.356,0.0,2.05,6.149,0.0,1.069,0.0,1,2,21,0,4.073,0.1736,0.0,12,0,0.5622,0.178,2.763,0,11221,0.624,13,1,0,0
110,风没来，你也没来.txt,29007,1504,19.287,120.188,15.87,87.611,0.2126,14.824,0.4215,0.7354,4.068,0.827,2.344,1.413,2.448,2.999,0.034,1.413,0.0767,1,0,3,0,2.972,0.2275,0.0,17,0,0.471,0.207,1.241,25,1160.3,0.655,8,0,0,0
111,风起时她不再回头.txt,1192,65,18.338,61.578,17.354,65.644,0.2047,11.745,0.3692,0.7846,1.678,0.839,0.0,0.0,0.839,3.356,0.0,1.678,0.2,0,1,2,0,3.272,0.25,0.0,25,0,0.8456,0.0,5.034,0,1192,2.517,8,0,0,0
112,风雪葬尽当年意.txt,13510,837,16.141,82.506,14.065,58.907,0.2697,16.876,0.5568,0.73,3.627,0.37,1.776,0.0,2.665,3.553,0.37,2.887,0.4233,1,1,28,0,2.783,0.3516,0.0,13,0,0.6091,0.0,1.554,0,13510,0.74,7,0,0,0
113,风雨无你终别离.txt,10189,606,16.814,86.838,16.199,108.136,0.3861,22.083,0.505,0.6337,5.889,0.883,0.0,1.767,2.454,3.239,0.098,1.668,0.0,3,0,22,0,3.003,0.2065,0.0,7,0,0.6151,0.098,2.257,0,10189,1.57,7,0,0,0
114,夫君火烧我后院，我反手抄他私藏的龙袍.txt,12493,614,20.347,68.644,17.389,85.462,0.3803,18.73,0.272,0.6189,5.043,11.847,3.522,0.0,4.162,6.404,0.0,1.281,0.2,1,0,24,1,2.081,0.2296,0.0068,16,0,0.6492,0.88,1.601,0,12493,0.48,18,0,0,0
115,夫君装脸盲娶走嫡姐后，我换嫁摄政王.txt,10871,633,17.174,65.891,14.867,74.909,0.2473,15.638,0.4645,0.7378,5.335,4.047,5.611,0.0,4.507,6.715,0.184,1.196,0.48,4,2,28,0,1.481,0.1949,0.0,15,0,0.6439,0.46,1.38,0,10871,0.92,17,0,0,0
116,浮梦散尽，从此山水不相逢.txt,11984,460,26.052,189.919,23.748,169.321,0.3479,14.436,0.213,0.65,5.925,4.172,1.001,0.0,2.837,4.923,0.083,2.003,0.1833,0,0,3,0,2.395,0.4954,0.16,28,0,0.6218,0.167,0.918,23,521.0,0.584,12,0,0,0
117,浮生皆过客，我自踏长风.txt,10286,512,20.09,91.773,18.846,100.86,0.3737,17.694,0.3477,0.6445,5.736,4.472,1.361,0.0,4.861,3.889,0.0,1.75,0.7067,0,1,3,0,4.054,0.4645,0.1304,4,1,0.6379,0.292,1.75,10,1028.6,0.583,11,0,0,0
118,浮生一戏，终是离人.txt,21148,786,26.906,168.884,22.231,147.29,0.3153,12.483,0.187,0.6692,3.925,2.175,5.012,0.095,4.161,3.168,0.0,0.236,0.07,0,2,4,0,1.045,0.2728,0.1087,26,0,0.5783,0.142,1.702,0,21148,1.04,9,1,0,0
119,浮生自有清风渡.txt,24324,985,24.694,307.794,18.155,96.156,0.4697,17.39,0.2944,0.5827,10.566,8.757,1.316,0.576,4.728,3.494,0.0,1.316,0.6167,2,1,1,0,2.216,0.5117,0.1502,19,0,0.4857,0.206,4.646,22,1105.6,0.576,7,0,0,0
120,父亲出殡，丈夫为青梅误吉时，我扶灵上山就离婚.txt,10189,476,21.405,64.291,19.928,93.071,0.3817,20.905,0.2353,0.5756,4.613,0.981,3.533,0.0,4.122,2.159,0.098,0.589,0.3833,1,0,14,0,3.101,0.3739,0.0,10,0,0.6162,0.196,2.355,0,10189,0.491,22,0,0,0
121,富士山的雪，落不进我房间的窗.txt,13150,697,18.867,149.224,15.819,94.087,0.3789,21.597,0.4505,0.6112,6.236,1.369,0.0,2.129,3.118,2.814,0.152,1.977,0.1567,0,0,4,0,3.559,0.4509,0.0,7,1,0.5685,0.38,3.422,0,13150,0.989,14,0,0,0
122,干女儿让我立下遗嘱，才能怀孕生自己的孩子.txt,10013,363,27.584,152.458,24.799,127.465,0.3714,11.785,0.1625,0.6749,7.291,3.396,0.599,0.0,4.095,4.694,0.1,3.296,0.3467,2,1,25,0,3.545,0.1896,0.0294,10,0,0.6235,0.2,6.591,0,10013,0.3,20,0,0,0
123,刚被新院长贬职，回家他竟成了我的相亲对象.txt,24331,1539,15.81,121.844,12.786,50.722,0.5049,31.688,0.6179,0.5088,9.864,2.425,0.0,0.0,3.535,3.904,0.082,0.493,0.23,2,0,22,0,3.091,0.3821,0.0339,5,0,0.5183,0.0,1.11,0,24331,0.699,20,0,1,0
124,刚怀孕老公贷款500万给婆婆买大平层，我也给我妈买！.txt,10648,549,19.395,217.886,16.773,133.528,0.3899,13.43,0.5228,0.7395,5.635,12.115,0.563,0.0,4.414,9.11,7.137,15.684,0.4967,3,0,19,0,4.931,0.2197,0.062,3,0,0.5774,0.47,2.724,0,10648,1.127,26,1,0,2
125,高考报考院校以彩礼为基准.txt,13935,1009,13.811,64.736,12.577,47.336,0.3824,25.978,0.6819,0.6432,9.042,2.44,0.861,0.0,5.669,8.253,0.359,2.942,0.3333,0,2,22,0,3.796,0.4366,0.0588,7,0,0.5833,0.287,2.296,0,13935,0.861,12,0,0,0
126,高考出分当天，我让假千金全家跪在我妈墓碑前道歉.txt,10112,565,17.897,79.066,17.97,119.728,0.4389,21.559,0.4389,0.6142,7.219,13.548,5.538,0.0,3.857,7.516,0.0,6.032,0.2833,4,3,27,1,3.145,0.5059,0.1095,11,0,0.6404,0.494,3.066,0,10112,0.692,23,1,0,1
127,高考出分后，嫂子要加彩礼.txt,9642,418,23.067,198.0,20.046,184.293,0.5395,22.713,0.3636,0.4761,10.268,7.571,4.771,0.0,4.667,3.423,2.489,7.26,0.5433,4,2,3,0,3.599,0.4922,0.0685,26,0,0.6234,0.519,4.875,8,1205.2,0.0,12,0,0,0
128,高考分数屏蔽后，妈妈却为情夫儿子逼我落榜.txt,21259,796,26.707,268.863,26.438,342.375,0.4498,13.829,0.2814,0.6382,4.61,7.903,0.0,0.941,3.951,5.315,0.094,1.317,0.2233,1,1,2,0,2.564,0.4111,0.1131,16,0,0.5636,0.517,3.481,0,21259,0.47,20,0,0,0
129,高考结束后，女儿说她陪我演了三年.txt,11110,566,19.629,196.823,21.0,152.167,0.3054,17.732,0.3781,0.6855,5.221,2.07,3.24,0.36,5.221,3.51,0.45,1.98,0.59,5,1,273,0,2.592,0.1863,0.0,29,0,0.6424,0.0,1.62,0,11110,2.34,16,1,0,0
130,哥哥的肾和他的白月光，重生后我选择两个都不救.txt,13373,1087,12.303,61.186,11.275,46.313,0.3965,25.873,0.7479,0.6826,7.553,0.523,0.897,0.0,3.066,6.73,0.075,1.346,0.1267,2,2,16,0,4.24,0.2182,0.0,17,0,0.5839,0.075,1.047,0,13373,0.673,22,1,0,0
131,搁浅在岸边的期许.txt,11455,614,18.656,194.551,14.278,102.059,0.3429,20.952,0.5261,0.6515,8.555,0.698,7.508,0.0,3.928,2.095,0.0,2.182,0.2133,1,3,22,0,2.785,0.3272,0.0,5,0,0.6233,0.262,1.484,0,11455,0.524,8,0,0,0
132,各给52万留学，8年后继子博士归来亲儿拎破箱，我傻了.txt,28028,1960,14.3,34.198,13.462,33.149,0.3209,22.977,0.6194,0.6714,5.53,1.499,0.071,0.0,3.282,1.998,0.143,2.212,0.14,0,2,17,1,2.184,0.2783,0.0714,16,0,0.5212,0.036,0.464,0,28028,0.5,26,1,0,1
133,给你的爱停在红灯前.txt,10666,562,18.979,92.17,17.689,91.284,0.2485,11.719,0.4146,0.7776,3.938,1.031,2.25,0.0,4.032,3.938,0.375,1.688,0.34,0,0,24,0,2.747,0.1837,0.1818,15,0,0.6655,0.094,3.188,0,10666,0.469,9,0,0,0
134,给婆婆养老7年她说我是好儿媳，却偷偷把金条给弟媳.txt,10016,541,18.514,56.172,20.635,96.063,0.5492,25.859,0.366,0.5213,1.298,14.577,0.0,0.0,7.588,4.992,2.796,5.391,0.28,0,2,1,0,3.095,0.4831,0.1096,4,0,0.6077,0.998,4.493,0,10016,0.3,24,1,0,2
135,根扎对了才开花 .txt,10320,647,15.951,44.696,14.528,47.715,0.27,18.798,0.4776,0.7094,4.36,0.484,4.845,0.969,1.841,4.651,0.678,3.488,0.42,1,1,1,0,2.151,0.1909,0.0,5,1,0.6196,0.0,2.713,12,860.0,1.163,7,0,0,0
136,公公踢我出家族群骂我外人，我反手讨债87万，全家慌了.txt,13399,810,16.542,140.411,12.785,66.3,0.5072,29.107,0.5778,0.5309,8.732,0.373,0.0,0.149,2.985,1.791,1.493,10.822,0.2667,1,2,13,0,4.0,0.4381,0.0,10,0,0.5191,0.075,1.866,0,13399,1.194,26,1,0,1
137,公平和偏爱，都不属于我.txt,9114,421,21.648,148.218,17.759,99.329,0.3813,16.897,0.3563,0.6603,5.925,3.621,3.731,0.0,3.621,5.596,0.219,0.987,0.4133,0,1,17,0,3.325,0.4272,0.0606,3,0,0.673,0.439,1.426,0,9114,0.439,11,0,0,0
138,公司同事让我给一折买房优惠，到了售楼处后傻眼了.txt,10648,436,24.422,257.873,22.601,224.076,0.4526,17.28,0.3028,0.5894,8.828,5.823,0.939,0.188,3.944,2.724,1.033,3.193,0.8067,6,0,24,0,2.32,0.0929,0.0,27,0,0.6034,0.094,4.79,0,10648,0.563,23,1,0,1
139,攻略结束后，他们悔疯了.txt,10919,786,13.892,60.476,16.511,88.16,0.2246,14.287,0.645,0.8053,4.03,3.114,4.762,0.0,6.136,6.686,0.092,2.473,0.0833,0,1,4,0,2.235,0.0577,0.0294,5,0,0.6774,0.275,0.824,8,1364.9,0.733,11,0,2,0
140,狗仔重生后，锤爆豪门.txt,11615,700,16.593,43.601,13.463,55.949,0.2706,16.616,0.4543,0.7243,5.941,13.603,5.166,0.0,7.663,6.027,0.344,2.755,0.4567,3,4,35,0,2.247,0.1842,0.1203,21,0,0.6989,0.258,3.96,1,11615.0,0.603,10,0,0,0
141,姑姑污蔑我偷了五金后，我直接承认.txt,10626,435,24.428,117.201,20.299,121.5,0.6162,21.174,0.2092,0.4828,12.234,5.176,0.0,0.0,4.705,3.67,0.282,2.07,0.6367,4,1,26,0,3.077,0.5395,0.0545,5,1,0.5681,0.188,4.988,0,10626,0.376,16,1,1,0
142,姑丈盖章跑九趟没办成？我一个电话领导跪满大厅.txt,13832,927,14.921,65.095,13.385,58.696,0.3906,25.737,0.5965,0.6203,5.495,2.603,5.35,0.0,3.759,3.253,0.0,1.229,0.47,3,2,23,0,2.393,0.1257,0.0,5,1,0.6031,0.217,1.229,0,13832,0.145,22,1,0,1
143,关门那一刻，哥哥女友换了张脸.txt,12185,860,14.169,97.717,12.659,71.704,0.2192,15.265,0.6407,0.7872,4.35,0.657,2.134,7.386,3.119,6.155,0.0,4.103,0.0,0,2,41,1,2.913,0.2584,0.0,5,1,0.5969,0.082,1.641,0,12185,0.328,14,1,0,0
144,关山雪尽不见故人.txt,10555,826,12.778,44.95,12.103,40.038,0.3367,26.149,0.724,0.6707,4.453,0.663,1.326,0.0,2.653,8.432,0.0,0.095,0.3967,0,4,32,0,3.25,0.375,0.0,6,0,0.6142,0.0,0.853,0,10555,0.474,8,0,0,0
145,归来后发现她怀孕，好兄弟竟在视频里对我笑.txt,29036,1555,18.673,230.948,14.036,109.871,0.3561,20.182,0.5556,0.6495,7.301,1.894,4.202,5.924,3.306,2.652,0.207,2.79,0.1233,1,0,3,0,2.924,0.2765,0.0182,14,0,0.4943,0.138,1.274,36,806.6,0.999,20,0,1,0
146,归去来兮无旧人.txt,11377,588,19.349,92.132,17.703,90.726,0.3286,20.128,0.3741,0.6122,7.295,1.934,4.219,0.176,3.164,3.428,0.0,1.582,0.2833,0,1,24,0,3.226,0.1678,0.0,5,1,0.6123,0.088,4.571,0,11377,0.439,7,0,0,0
147,闺蜜绑定高考分数转移系统后，我反手让她出尽风头.txt,11551,742,15.567,96.52,12.779,48.079,0.4085,24.587,0.6132,0.6442,7.618,2.77,0.866,0.0,3.463,6.666,0.433,8.224,0.5133,0,0,20,0,3.472,0.3486,0.0625,4,0,0.6343,0.087,2.511,0,11551,0.952,23,0,0,1
148,闺蜜发照挑衅，我直接公开处刑，朋友圈杀疯了.txt,16904,1099,15.381,139.115,12.301,58.169,0.4102,21.829,0.6424,0.6752,9.879,0.71,1.301,3.668,3.313,2.13,1.301,4.733,0.2433,0,3,25,0,3.573,0.2496,0.0,5,0,0.4693,0.0,0.769,0,16904,0.828,21,0,2,1
149,闺蜜假清高拒绝被收养，看我被八个哥哥宠上天后她悔疯了.txt,9358,651,14.375,52.293,12.849,46.191,0.4204,26.822,0.6237,0.6144,6.518,10.579,3.847,0.0,2.03,5.557,0.0,1.069,0.17,0,0,24,0,3.013,0.188,0.0505,10,0,0.6266,0.0,3.954,0,9358,0.427,26,1,2,1
150,闺蜜恐婚却恨嫁我男友.txt,9102,392,23.219,126.998,22.681,171.893,0.3855,19.446,0.2474,0.5485,7.691,9.009,7.031,0.0,4.944,9.888,0.0,1.099,0.0967,0,1,1,0,3.768,0.4292,0.1341,5,1,0.6088,0.22,5.603,0,9102,0.659,10,0,0,1
151,闺蜜亲自护送健忘男友第九次领证，可我不会去了.txt,11702,743,15.75,49.757,15.437,64.204,0.2806,17.518,0.5491,0.7268,5.298,0.684,0.0,0.0,2.905,3.333,0.0,1.111,0.0467,0,2,2,0,2.692,0.1939,0.0,24,0,0.6019,0.256,2.478,0,11702,1.453,22,1,0,1
152,贵妃想拿死胎换我，可我有婴语技能啊.txt,11043,584,18.909,73.065,15.316,78.533,0.2724,14.217,0.3801,0.7312,4.528,21.19,4.528,0.0,6.067,6.52,0.0,0.634,0.06,3,2,20,0,1.078,0.2769,0.0641,11,1,0.6525,0.634,4.075,0,11043,0.181,17,0,0,0
153,过海关前被举报走私黄金，我靠弹幕反杀顶替者.txt,11009,969,11.361,42.499,10.907,39.429,0.448,31.974,0.7699,0.6367,10.173,3.452,1.272,0.182,4.633,5.45,0.091,1.544,0.4367,2,0,3,0,3.197,0.2452,0.0,19,0,0.6054,0.091,1.363,9,1223.2,0.182,21,0,0,0
154,过年陪回光返照的奶奶玩捉迷藏后，全家都消失了.txt,8396,368,22.815,78.276,21.196,62.888,0.3123,12.863,0.1957,0.7065,3.097,3.097,0.953,0.0,2.382,3.573,0.0,1.191,0.2867,2,1,32,0,2.799,0.2893,0.0,28,0,0.6369,0.357,3.216,0,8396,0.596,22,0,0,0
155,海岛的风，倾听不了第四个人的秘密.txt,13818,739,18.698,133.322,16.233,113.05,0.3485,21.421,0.4574,0.6184,6.441,0.217,0.0,0.0,3.257,3.329,0.0,0.941,0.1033,2,0,4,0,3.097,0.2493,0.3333,7,1,0.5749,0.072,1.592,0,13818,0.579,16,1,0,0
156,寒窗苦读十八年，我终于和老师儿子一起毕业.txt,8271,444,18.628,99.031,16.74,95.513,0.342,16.685,0.4347,0.6914,5.924,5.924,4.836,0.242,4.473,4.353,0.242,1.814,0.15,2,1,25,0,2.176,0.1896,0.0612,16,0,0.7019,0.121,3.264,0,8271,0.967,20,1,0,0
157,寒光不照朱门客.txt,16110,1054,15.285,105.314,13.057,68.114,0.3758,25.264,0.611,0.6509,5.773,0.931,0.0,4.718,1.986,4.035,0.0,1.552,0.1967,0,1,4,0,2.98,0.3346,0.4667,7,1,0.5926,0.186,2.669,0,16110,0.621,7,0,0,0
158,寒月错望青禾.txt,30274,1359,22.277,186.774,19.36,134.031,0.2826,15.954,0.3554,0.6851,4.195,0.628,1.85,1.784,2.94,3.865,0.033,1.189,0.0833,0,0,3,0,3.366,0.2903,0.0,6,1,0.5002,0.33,0.892,1,30274.0,1.09,6,0,0,0
159,豪门调包现场，我靠司命神通自救 .txt,11269,714,15.783,175.956,15.304,106.696,0.3497,19.256,0.577,0.6961,3.638,13.045,0.0,2.485,3.993,4.348,0.266,1.331,0.0,0,2,15,0,1.704,0.1871,0.0816,13,0,0.6356,0.266,1.597,0,11269,0.266,15,0,0,0
160,豪门金牌饲养员的离职报告.txt,11205,936,11.971,29.793,10.668,31.664,0.2968,23.829,0.7692,0.7147,5.801,8.835,4.462,0.357,4.909,6.069,1.428,3.213,0.0867,0,3,1,0,2.892,0.2614,0.1212,3,0,0.6418,0.625,2.32,0,11205,0.089,12,0,0,0
161,惊！室友举报我作弊，我都没考公你举报什么？.txt,12554,1019,12.32,31.754,10.777,31.419,0.4265,32.101,0.7468,0.6055,9.32,1.752,5.576,0.0,2.39,3.823,0.0,1.195,0.3133,4,3,18,0,3.473,0.5048,0.2273,8,0,0.5927,0.159,2.39,0,12554,0.319,21,0,0,1
162,九尾娘娘诞下一尾幼崽后，我靠听见心声拯救小主人.txt,10351,570,18.16,120.776,16.485,99.986,0.296,13.429,0.4737,0.7561,4.637,4.83,0.0,0.58,3.381,4.83,0.0,1.449,0.1267,0,0,2,0,2.203,0.1554,0.06,17,0,0.6157,0.097,0.966,0,10351,0.29,23,1,0,0
163,旧地你未出现过，我也千次万次错.txt,9317,566,16.461,63.743,15.555,60.614,0.329,17.173,0.5247,0.7191,6.976,1.395,2.576,0.215,4.186,5.152,0.0,0.0,0.2533,2,1,24,0,2.812,0.5644,0.0769,10,0,0.6797,0.215,1.825,0,9317,1.717,15,1,0,0
164,旧梦坠落，爱恨尽舍.txt,9139,463,19.739,90.258,18.409,112.731,0.2788,14.553,0.3456,0.7214,8.097,5.252,3.064,0.219,3.283,6.237,0.0,2.079,0.0667,0,0,1,0,2.943,0.2626,0.0833,14,0,0.6665,0.438,3.173,9,1015.4,0.985,9,0,0,0
165,旧事随风渡，我自赴江鸿.txt,11284,497,22.704,226.1,18.241,117.279,0.3112,16.129,0.34,0.6419,5.672,2.57,7.799,0.354,5.229,7.976,0.266,0.354,0.41,1,4,14,0,2.659,0.2241,0.1034,5,0,0.7229,0.354,1.063,0,11284,1.063,11,0,0,0
166,旧锁不识来时路.txt,10220,599,17.062,48.983,15.127,59.123,0.249,18.2,0.4257,0.6995,5.088,0.294,4.501,0.587,3.229,2.935,0.0,0.391,0.32,0,1,24,0,2.642,0.1272,0.0,5,1,0.6007,0.098,3.033,0,10220,1.566,7,0,0,0
167,救了货车司机后反被他老婆污蔑停职，后来她悔疯了.txt,9750,498,19.578,238.348,19.074,175.405,0.511,20.308,0.4779,0.6024,5.949,4.615,2.667,0.0,4.103,3.077,0.0,2.154,0.2767,1,2,16,1,2.318,0.543,0.0,34,0,0.6602,0.103,1.538,0,9750,0.513,23,0,2,2
168,救命洋娃娃，戳穿幼师人贩子圈套.txt,9682,517,18.727,66.12,18.032,106.117,0.3139,14.77,0.3714,0.7234,5.371,7.54,5.99,0.207,2.376,5.681,0.207,1.343,0.0767,1,0,3,0,2.696,0.0876,0.0411,5,1,0.6138,0.31,3.925,1,9682.0,0.413,15,0,0,0
169,军校名额被顶替后，我说出了妈妈的警号.txt,11249,931,12.083,38.473,13.608,56.911,0.4829,36.803,0.7454,0.5553,9.067,2.845,0.0,0.178,3.823,6.667,0.267,1.778,0.2967,2,0,19,0,2.729,0.2044,0.0,9,0,0.6178,0.089,1.6,0,11249,0.356,18,0,0,0
170,军训被妈妈关进封闭车中后，她悔疯了.txt,10064,449,22.414,53.093,22.332,77.275,0.4782,10.036,0.196,0.9087,6.061,13.613,1.391,1.59,3.875,5.862,0.0,0.994,0.3867,1,0,31,0,2.375,0.2473,0.0511,26,0,0.661,1.093,2.683,0,10064,0.199,17,0,2,0
171,开学被妈妈抢走生活费后，我不要这个家了.txt,9970,568,17.553,62.676,20.036,95.811,0.4575,21.665,0.4243,0.6197,6.419,1.605,0.401,0.0,5.316,4.413,0.1,2.307,0.1067,1,3,19,0,3.25,0.525,0.0,7,0,0.665,0.201,2.407,0,9970,0.502,19,0,0,0
172,看到弹幕后，发小690上大专.txt,11020,461,23.905,157.145,25.282,212.164,0.3873,12.069,0.269,0.7115,5.989,0.726,1.452,0.0,2.813,3.267,0.363,2.45,0.6233,0,0,15,0,2.75,0.4201,0.0,29,0,0.5825,0.181,4.628,0,11020,0.363,14,1,0,0
173,看到弹幕后，我改写了男频后宫文的结局.txt,11687,482,24.247,225.194,22.651,198.941,0.2699,9.498,0.3299,0.7697,5.733,6.332,1.882,0.0,4.706,4.792,0.086,2.396,0.16,1,1,18,0,2.473,0.2429,0.0676,13,0,0.5909,0.257,3.85,0,11687,0.086,18,0,0,0
174,看上支教老师了，怎么让她当我老婆？.txt,11242,761,14.773,65.571,13.36,56.402,0.331,21.349,0.6058,0.6991,5.159,2.313,0.356,0.0,3.024,5.426,0.0,0.178,0.0,2,1,14,0,3.015,0.2002,0.0385,5,1,0.6315,0.089,1.779,0,11242,1.245,17,0,0,1
175,看着红包里的区别对待，我趁全家旅游远走高飞.txt,9959,713,13.968,23.094,12.973,25.571,0.2894,18.576,0.6438,0.7405,8.133,3.715,0.201,0.0,5.021,2.611,0.502,2.912,0.0,3,1,3,0,2.741,0.1817,0.0,14,0,0.6674,0.502,2.209,10,995.9,0.402,21,0,0,0
176,考上北大遭继妹眼红，父亲直接废了我双腿！.txt,15092,777,19.423,122.272,15.781,92.858,0.2678,17.426,0.4208,0.6821,5.765,4.241,7.421,0.398,4.373,5.897,0.265,1.325,0.0833,0,0,87,1,4.188,0.2503,0.0781,17,0,0.5939,0.398,2.12,0,15092,0.331,20,0,1,0
177,考上清大后我偷了爸妈五千块钱交学费，他们报警后悔疯了.txt,11051,615,17.969,78.062,22.603,187.18,0.3319,18.369,0.4293,0.6715,4.796,5.52,0.905,0.181,3.62,4.705,0.724,2.986,0.5433,2,1,6,0,3.149,0.2966,0.0164,8,0,0.6517,0.724,2.262,0,11051,1.086,26,1,3,0
178,考研失利教授男友罚背家训.txt,11077,373,29.697,144.981,28.369,149.893,0.2512,12.187,0.1206,0.6381,2.257,0.361,1.264,0.181,2.979,4.965,0.0,0.361,0.2233,1,0,17,0,3.828,0.064,0.0,51,0,0.5984,0.271,1.715,0,11077,1.083,12,0,0,0
179,空位落满昨日尘.txt,10157,567,17.914,72.379,16.741,64.244,0.3844,21.266,0.4074,0.619,5.612,1.083,1.575,0.0,2.757,3.249,0.394,2.757,0.0633,2,0,1,0,2.668,0.1594,0.0909,16,0,0.65,0.197,2.068,11,923.4,1.378,7,0,0,0
180,苦恨年年压金线.txt,12253,563,21.764,174.12,18.625,122.497,0.4323,21.464,0.3606,0.5861,7.508,4.897,1.143,0.163,3.999,4.489,0.0,1.387,0.1567,1,3,33,0,3.379,0.6305,0.1,14,0,0.628,0.245,1.877,0,12253,0.816,7,0,0,0
181,老公爱上吃鸡后，我选择离婚.txt,10060,401,25.087,178.12,26.856,232.395,0.4553,13.022,0.2594,0.6733,3.38,1.889,0.596,0.0,2.883,1.491,0.596,4.771,0.0,1,1,21,0,2.197,0.2843,0.1579,5,0,0.6408,0.398,2.584,0,10060,0.199,13,0,0,1
182,老公爱徒污蔑我藏私，我反手送他们上路.txt,9553,533,17.923,98.767,18.674,111.741,0.5348,22.401,0.4822,0.6004,6.699,6.071,2.303,0.0,4.815,4.815,0.419,1.256,0.3533,1,0,16,0,3.151,0.4828,0.0517,18,0,0.6831,0.837,2.826,0,9553,0.209,18,0,0,1
183,老公把我的职位送给实习生后，我离婚了.txt,10172,510,19.945,126.758,16.746,100.922,0.3674,17.597,0.3863,0.6667,7.471,7.865,6.685,0.0,4.522,6.488,0.197,1.966,0.1633,1,4,1,0,3.185,0.2515,0.0,5,1,0.6391,0.492,1.573,0,10172,0.59,18,0,0,2
184,老公半夜三点打电话让我挪车，我反手报警他杀人藏尸.txt,15038,1177,12.777,52.697,11.575,48.649,0.3913,26.799,0.723,0.6585,5.852,3.458,1.463,0.0,5.054,5.32,0.199,3.258,0.3033,2,2,20,0,2.986,0.2846,0.0,7,0,0.612,0.0,0.864,0,15038,1.396,24,1,0,1
185,老公故意失联逼我放弃抚养权，回来后他却悔疯了.txt,12560,518,24.247,147.773,17.92,98.532,0.4452,18.232,0.222,0.5676,6.608,8.678,1.911,0.159,4.538,3.264,0.159,1.672,0.2,3,1,13,0,2.826,0.3599,0.055,5,1,0.6352,0.478,2.15,0,12560,0.796,22,0,2,1
186,老公和闺蜜阻我儿子考公路，弹幕帮我直接反杀.txt,12434,875,14.21,96.82,11.879,51.168,0.385,21.152,0.6857,0.7063,6.273,2.734,0.965,0.161,4.825,5.388,0.161,4.182,0.2767,0,1,35,0,2.911,0.2106,0.0,14,0,0.6431,0.08,1.206,0,12434,0.241,21,0,1,2
187,老公联手小白花篡改病历，我靠预知弹幕杀疯了.txt,11092,726,15.278,106.79,13.371,60.433,0.4059,18.572,0.6226,0.7163,6.131,1.533,2.254,0.18,3.877,3.967,0.0,5.95,0.12,2,2,4,0,2.804,0.1658,0.0588,9,0,0.6319,0.0,0.631,0,11092,0.992,21,0,1,1
188,老公拿一具死胎换走我女儿.txt,9775,703,13.905,69.32,12.168,44.299,0.3527,22.404,0.6842,0.6913,4.501,1.432,1.023,0.0,3.785,5.524,0.0,1.228,0.0633,0,3,12,0,3.734,0.1849,0.0,24,0,0.6191,0.102,0.614,0,9775,0.818,12,1,0,1
189,老公女秘书让我坐货梯，可我是总裁.txt,11124,459,24.235,120.014,18.926,125.791,0.508,25.71,0.2266,0.3965,9.079,19.417,5.034,0.0,4.495,4.225,0.0,1.079,0.5233,4,2,11,0,3.218,0.1797,0.0,11,0,0.5759,0.36,2.247,0,11124,0.27,16,0,0,2
190,老公青梅离婚他也离，我死心离开后他哭什么.txt,10820,589,18.37,104.593,17.655,145.67,0.3265,17.745,0.4635,0.6808,5.453,6.007,3.327,2.957,4.806,4.806,0.0,1.109,0.2733,2,3,21,0,2.283,0.2135,0.0769,15,0,0.6537,0.37,3.05,0,10820,0.739,20,0,0,1
191,老公劝我贱卖老破小，弹幕说私生子要抢我女儿学位.txt,10556,770,13.709,83.037,12.29,56.929,0.3917,21.883,0.7026,0.7026,9.663,1.232,0.758,0.0,2.368,4.074,0.284,3.979,0.0733,1,0,20,1,3.211,0.1847,0.0,10,0,0.6164,0.095,1.326,0,10556,0.189,23,0,0,1
192,老公让我别计较，婆婆替我计较了.txt,12612,1061,11.887,62.845,10.401,38.171,0.3989,26.562,0.7747,0.6843,7.215,1.348,0.476,0.0,3.172,5.233,0.079,1.824,0.2667,0,1,21,0,3.37,0.2448,0.0,6,0,0.5707,0.159,1.11,0,12612,0.555,15,0,0,2
193,老公说结婚和恋爱择偶标准不同，我表示赞同.txt,16994,962,17.665,132.767,14.075,74.507,0.4537,23.891,0.5062,0.5821,11.416,3.06,0.353,0.471,3.472,2.354,0.059,1.0,0.33,2,0,16,0,3.507,0.52,0.0192,5,0,0.533,0.353,2.177,0,16994,1.412,20,0,0,1
194,老婆带男闺蜜出国八年，我清空两千三百万账户.txt,12990,778,16.697,170.903,14.799,107.656,0.3244,16.859,0.5617,0.7378,4.388,2.002,3.849,7.39,2.694,4.157,0.308,4.388,0.07,2,0,21,0,2.463,0.8045,0.0385,23,0,0.6275,0.385,0.847,33,393.6,1.155,21,1,0,2
195,老婆绯闻对象在我家开直播冒充我，我杀疯了.txt,10546,368,28.658,245.763,20.705,232.059,0.3042,11.758,0.1902,0.6658,6.258,13.844,5.5,0.759,5.12,4.836,0.095,1.043,0.0833,2,2,20,0,2.475,0.2682,0.0,5,1,0.6482,0.664,4.267,0,10546,0.569,20,0,1,1
196,老婆假死考验我夫徳，我主动约富婆后她却悔疯了.txt,8085,470,17.202,45.868,17.265,72.281,0.3949,22.263,0.4213,0.617,4.329,4.576,2.721,0.0,4.824,4.082,0.371,1.979,0.38,0,3,11,0,2.288,0.4524,0.2973,10,0,0.6813,0.247,2.721,0,8085,0.247,22,0,2,1
197,老婆破产后，全城等着看我跑路.txt,14925,878,16.999,207.657,13.23,105.268,0.3861,26.801,0.6219,0.623,11.323,1.206,3.618,6.566,3.216,2.747,0.67,2.345,0.0167,4,1,15,0,3.055,0.6028,0.0,3,0,0.5873,0.201,3.484,0,14925,0.603,14,0,0,1
198,老婆让实习生当众掌掴我妈，视频还被发家族群.txt,11176,1154,9.685,46.455,8.293,24.175,0.3758,32.838,0.8804,0.6889,8.321,0.358,1.074,6.442,3.579,4.205,0.358,2.863,0.06,0,3,17,0,2.783,0.1243,0.0,5,0,0.5741,0.0,0.447,0,11176,1.342,21,0,0,2
199,老婆为哄小白脸骗我离婚，我假死娶白富美破防什么.txt,20823,673,30.941,321.569,28.341,388.789,0.3006,11.142,0.1872,0.6701,6.531,5.379,0.0,1.441,4.85,6.003,0.192,1.105,0.1,1,3,2,0,1.023,0.2297,0.0357,12,0,0.6049,0.192,1.393,0,20823,0.384,23,0,0,1
200,冷雨熄了五年灯，爱意埋葬在风里.txt,10369,595,17.427,66.154,16.132,67.454,0.276,13.502,0.4538,0.7647,4.243,2.315,0.772,0.0,3.568,4.34,0.0,1.543,0.3267,0,2,36,0,3.356,0.0984,0.0,18,0,0.6313,0.386,1.832,0,10369,2.122,15,1,0,0
201,离婚冷静期是给后悔的人准备的，可我是清醒.txt,8013,289,27.727,413.071,16.946,124.811,0.444,22.339,0.3287,0.5156,6.739,1.498,5.741,0.749,6.739,4.368,0.125,1.622,0.2867,3,1,18,0,3.719,0.4302,0.0833,9,0,0.6843,0.374,0.998,0,8013,1.248,20,0,1,0
202,离婚五年后回国，前妻求着复婚.txt,23663,1130,20.941,158.003,19.831,224.663,0.3327,14.411,0.4027,0.708,4.226,6.508,0.0,0.592,5.494,4.522,0.042,1.268,0.22,2,0,2,0,1.027,0.3812,0.0909,7,1,0.5914,0.338,1.183,0,23663,0.465,14,1,0,0
203,离开你，我的世界阳光遍地 .txt,12047,606,19.88,94.479,16.795,58.042,0.3061,13.364,0.3597,0.7409,5.811,1.992,0.0,0.0,4.897,5.064,0.0,0.83,0.3,2,0,1,0,3.237,0.3062,0.0833,11,0,0.6099,0.913,1.909,10,1204.7,1.079,12,0,0,0
204,连双拖鞋都不给我留的家，不回了梁安.txt,10678,553,19.309,151.099,14.58,100.477,0.2437,14.422,0.4665,0.7378,6.649,1.03,0.0,4.683,3.371,2.529,0.656,4.027,0.2233,1,0,4,0,1.498,0.2301,0.0,13,0,0.6416,0.0,3.559,0,10678,1.124,17,0,0,0
205,恋爱四年，男友建了一个没有我的群.txt,14568,984,14.805,63.99,12.738,58.216,0.4538,32.331,0.5884,0.5325,11.395,0.137,4.53,5.08,4.599,3.775,0.0,1.304,0.2567,1,0,27,0,3.624,0.4784,0.0,7,0,0.5407,0.206,4.462,0,14568,0.686,16,1,0,0
206,邻居阿姨造谣我爸偷看她洗澡，重生后我杀疯了.txt,11802,526,22.437,195.554,21.24,167.498,0.4514,18.133,0.3669,0.6027,7.88,8.558,4.745,0.339,2.966,4.66,0.169,3.389,0.1233,0,1,2,0,2.584,0.2599,0.0,1,0,0.6417,0.0,3.898,0,11802,0.847,21,0,1,0
207,邻居出差让我帮忙照看老人，弹幕却说老人已经死了.txt,15215,997,15.261,69.347,13.855,71.838,0.4207,27.407,0.5868,0.5817,10.187,2.169,4.338,0.789,3.352,2.3,0.789,6.507,0.19,1,0,3,0,2.826,0.0598,0.0,16,0,0.5378,0.131,2.695,1,15215.0,0.329,23,0,0,0
208,邻居非说我考上清华的儿子侵犯她女儿，我掏出手机直播后她后悔了.txt,16551,1136,14.57,74.147,14.466,85.071,0.3841,23.322,0.6338,0.662,5.075,3.867,3.867,0.121,4.29,6.525,0.06,1.45,0.0433,0,1,37,0,3.172,0.2959,0.0,3,0,0.5681,0.302,2.296,0,16551,0.967,30,0,1,0
209,邻居让我帮忙提婴儿车，弹幕却让我别碰.txt,15234,800,19.043,167.783,13.746,79.355,0.5086,21.925,0.51,0.5825,12.406,9.518,7.615,0.0,4.595,4.135,0.328,2.035,0.26,2,0,19,0,3.098,0.4042,0.0,10,0,0.5137,0.131,3.151,0,15234,0.722,18,0,0,0
210,邻居偷接电表害死我妈，三十年后我停了他家拆迁款.txt,8718,616,14.153,67.954,12.893,50.615,0.4503,27.644,0.6477,0.6088,7.112,4.244,1.606,0.0,3.785,5.162,0.459,7.571,0.0467,1,1,18,0,3.04,0.3188,0.1892,11,0,0.6159,0.0,4.703,0,8718,0.574,23,1,0,0
211,凛冬结束，我们的爱情再无春天.txt,25860,1162,22.255,225.89,17.951,111.959,0.3084,15.777,0.4079,0.679,5.22,0.58,2.166,1.469,3.635,5.684,0.039,0.309,0.36,0,0,25,0,3.082,0.2193,0.0667,11,0,0.5198,0.309,1.315,0,25860,0.657,14,0,0,0
212,凌晨儿子拉我躲进芦苇荡，天亮后丈夫的微信来了.txt,9968,575,17.336,62.752,14.952,58.283,0.2708,15.249,0.4661,0.7357,5.016,5.417,2.408,0.0,3.612,5.217,0.1,0.502,0.1767,1,2,10,1,3.18,0.2738,0.1667,5,1,0.6478,0.502,2.107,0,9968,1.404,22,0,0,0
213,零下十五度的告别.txt,10189,610,16.703,113.395,13.794,59.989,0.3068,17.077,0.5639,0.7393,6.281,0.098,0.196,0.196,5.005,5.104,0.0,0.294,0.0933,0,4,16,0,3.553,0.2068,0.0,13,0,0.6539,0.294,3.239,0,10189,0.491,8,1,0,0
214,领证当晚，公公说彩礼降到8888元.txt,11497,567,20.277,89.465,18.747,89.828,0.4115,18.874,0.3474,0.6173,5.654,1.566,0.87,0.0,3.305,5.306,0.696,2.696,0.4133,2,3,18,0,3.175,0.1832,0.0,11,0,0.6387,0.0,3.305,0,11497,0.783,17,1,0,1
215,领证第27次被放鸽子后，我转身嫁给他哥.txt,11459,872,13.141,38.834,13.248,49.512,0.4319,30.805,0.6972,0.5952,7.505,0.524,0.698,0.0,1.222,3.753,0.0,3.927,0.43,1,0,19,0,3.482,0.171,0.0,7,0,0.5704,0.087,0.96,0,11459,0.436,19,1,0,0
216,留不住蓝伞，也留不住我.txt,12134,788,15.398,59.565,14.924,51.44,0.3095,18.131,0.552,0.7208,7.417,2.225,0.0,0.0,3.626,2.143,0.33,1.813,0.23,3,0,1,0,2.917,0.4868,0.1111,16,0,0.6182,0.247,1.731,0,12134,1.896,11,0,0,0
217,流放十二年平反，夫君儿子都不认我.txt,11752,525,22.385,143.052,19.8,87.01,0.3188,11.828,0.3105,0.7352,3.233,2.553,0.0,0.0,3.489,6.212,0.085,1.191,0.24,2,0,4,0,1.949,0.2942,0.0333,20,0,0.6632,0.511,0.681,0,11752,0.851,16,1,0,0
218,录取通知书被撕碎，我在警局掏出爷爷的证书.txt,10236,662,15.462,135.786,12.925,70.358,0.3908,18.757,0.6511,0.7145,7.816,0.977,0.391,0.0,4.885,7.034,0.098,1.075,0.3867,5,2,23,0,3.37,0.2663,0.0,6,0,0.6327,0.098,2.052,0,10236,0.293,20,0,0,0
219,落地前我发出了求救暗号.txt,10677,611,17.475,276.562,16.287,191.46,0.2777,15.828,0.6203,0.725,4.308,0.468,0.0,0.0,3.278,4.777,0.0,1.967,0.29,0,1,2,0,3.035,0.1475,0.0,22,0,0.632,0.094,0.562,0,10677,0.562,11,0,0,0
220,妈妈替我记了十二年工时.txt,19175,1223,15.679,113.153,13.98,72.12,0.3041,18.931,0.6051,0.7065,7.145,0.052,0.104,0.313,1.982,1.877,0.469,5.267,0.2967,1,0,1,0,2.947,0.306,0.0,7,0,0.5526,0.052,0.417,0,19175,1.147,11,1,0,0
221,妈妈为避嫌逼犯哮喘的我军训后，悔疯了.txt,10072,484,20.81,47.749,20.134,82.616,0.508,11.12,0.2355,0.907,7.744,15.886,2.184,2.581,3.674,5.759,0.0,0.496,0.4267,3,3,24,1,2.482,0.4454,0.0688,12,0,0.6569,1.092,4.766,0,10072,0.0,18,0,2,0
222,妈妈为给妹妹填志愿，夺走了我心脏电源.txt,9009,487,18.499,52.73,19.744,92.817,0.4317,18.648,0.3696,0.655,6.771,11.1,1.11,0.0,6.882,6.438,0.333,0.777,0.4267,4,2,31,0,2.298,0.1654,0.06,13,0,0.6422,0.333,4.107,0,9009,0.555,18,0,0,0
223,妈妈照顾了我二十年后，我被全网骂上了热搜.txt,12486,568,21.982,136.7,22.58,163.937,0.6369,24.988,0.3151,0.4595,9.851,9.451,0.961,0.0,4.645,4.485,1.362,3.684,0.0867,0,3,20,0,2.675,0.6533,0.1356,5,1,0.5916,0.32,5.847,0,12486,0.641,20,1,0,0
224,麦子熟了，俺的男人走了.txt,9366,502,18.657,73.201,18.222,80.111,0.2573,14.094,0.3845,0.7371,4.698,2.242,5.125,0.0,4.271,5.979,0.0,0.214,0.2233,0,0,28,0,1.868,0.1377,0.0476,19,0,0.6223,0.107,1.388,0,9366,1.708,11,0,0,0
225,满城春风独我寒.txt,9020,413,21.84,83.287,20.806,107.953,0.3054,14.856,0.2567,0.6852,5.654,2.439,3.104,1.109,4.878,4.213,0.111,0.776,0.3333,2,0,31,0,3.459,0.1696,0.0,5,1,0.6617,0.554,1.774,0,9020,1.33,7,0,0,0
226,满室灰尘，藏二十年偏心谎言.txt,11281,784,14.389,46.332,13.312,45.106,0.3628,26.239,0.6148,0.6237,6.471,2.748,0.355,0.0,5.141,4.521,0.798,3.457,0.21,1,1,21,0,3.501,0.2702,0.0645,19,0,0.6222,0.0,0.443,0,11281,0.798,13,1,0,0
227,没给我留位置的家，我不要了.txt,8198,527,15.556,50.091,16.176,64.925,0.2436,12.442,0.5351,0.8083,3.05,0.366,1.22,0.244,3.659,3.172,0.0,1.098,0.1567,0,4,23,0,3.318,0.0439,0.0,5,1,0.723,0.488,2.196,0,8198,0.854,13,0,0,0
228,没有拍卖到粉钻戒指后，我和老公离婚了.txt,13131,694,18.921,95.231,17.73,87.409,0.1998,12.261,0.4035,0.7853,4.036,1.142,2.589,0.609,3.732,5.102,0.076,0.838,0.2633,1,1,17,1,2.848,0.1377,0.0,23,0,0.6126,0.533,2.513,0,13131,0.609,18,0,0,1
229,梅子落于无尽夏.txt,10410,575,18.104,79.254,18.541,88.564,0.2959,14.601,0.4435,0.7374,4.707,4.419,2.305,0.192,2.498,3.746,0.192,2.209,0.4633,4,1,1,0,2.661,0.5714,0.1957,3,0,0.642,0.192,2.978,0,10410,1.153,7,0,0,0
230,妹妹的烧烤店一天流水三万六，可她的店开在殡仪馆旁边.txt,11292,654,17.266,73.079,15.73,58.366,0.3604,18.243,0.4862,0.6911,7.439,0.797,0.0,0.0,2.125,2.037,1.417,8.944,0.2467,0,0,2,0,2.373,0.4513,0.0,8,0,0.594,0.177,1.683,0,11292,1.683,25,1,0,0
231,妹妹抢我玉佩嫁侯爷，拜堂时他认出了我的血.txt,9824,760,12.926,43.205,12.029,42.567,0.3466,26.975,0.6895,0.6513,5.293,0.814,0.0,0.0,4.377,6.006,0.102,0.814,0.2467,2,1,28,0,3.441,0.648,0.0,21,0,0.6414,0.0,1.018,0,9824,0.611,20,0,0,0
232,陌生男占车位打人，保安收他烟帮他.txt,11193,191,58.602,1236.631,28.766,346.211,0.3539,10.364,0.1099,0.5497,3.395,2.77,1.251,1.608,3.038,3.484,0.0,1.161,0.0,0,3,16,0,0.831,0.24,0.0,5,1,0.6513,0.536,0.536,0,11193,0.268,16,0,0,1
233,墨洇纸碎断恩情.txt,11443,632,18.106,51.3,15.973,54.566,0.2361,11.972,0.3703,0.7832,2.36,7.428,0.35,0.0,4.107,3.845,0.0,1.049,0.2767,1,0,34,0,2.159,0.0664,0.0,12,0,0.6658,0.524,1.835,0,11443,0.787,7,0,0,0
234,母亲的闺训簿.txt,12274,775,15.837,63.393,13.95,51.521,0.4226,25.42,0.5381,0.5974,4.888,2.689,2.444,0.0,5.54,3.829,0.0,1.222,0.3867,0,0,9,0,2.623,0.5008,0.0606,19,0,0.6497,0.163,1.222,0,12274,0.652,6,0,0,0
235,那场等了七年的集体婚礼，我和闺蜜不办了.txt,14865,754,19.715,108.859,18.505,96.717,0.3634,17.02,0.3886,0.6698,5.18,0.269,0.269,0.135,3.633,4.305,0.269,1.345,0.1767,0,3,24,1,2.294,0.2925,0.0,9,0,0.6199,0.404,1.951,0,14865,0.74,19,1,0,1
236,那年风起落花深.txt,22289,1171,19.034,106.069,19.983,178.037,0.3473,17.318,0.433,0.6704,6.909,10.095,0.0,2.512,4.172,5.474,0.045,1.166,0.1133,0,1,2,0,1.184,0.3881,0.0978,10,0,0.5466,0.269,2.378,0,22289,0.763,7,0,0,0
237,那年心动误归期.txt,24193,982,24.636,275.453,18.33,101.477,0.4443,19.014,0.2821,0.5489,10.499,8.556,2.48,0.992,5.415,4.381,0.165,0.207,0.51,0,0,27,0,1.74,0.3388,0.1498,14,0,0.4803,0.165,4.009,0,24193,0.579,7,0,0,0
238,那天，我买了一张单程票.txt,20296,937,21.661,211.345,21.132,206.832,0.3238,11.825,0.3767,0.7556,1.922,2.611,0.0,1.182,4.287,4.484,0.148,1.675,0.09,0,1,2,0,1.197,0.3946,0.0377,16,0,0.623,0.493,1.33,0,20296,0.493,11,1,0,0
239,奶奶绑定容貌转移系统，升学宴我让她把偷我的还给我.txt,12225,918,13.317,65.323,11.392,37.573,0.334,21.759,0.6993,0.7124,6.953,2.945,0.982,0.0,3.926,7.444,0.164,2.127,0.13,2,0,12,0,4.139,0.2126,0.0,12,0,0.6111,0.082,1.227,10,1222.5,0.491,24,0,0,0
240,奈何深情意难平.txt,8198,439,18.674,60.894,18.862,88.648,0.3792,20.493,0.3827,0.6173,7.319,1.708,3.172,0.0,4.025,6.831,0.244,1.952,0.2067,1,0,3,0,3.342,0.3366,0.0,21,0,0.6754,0.244,3.537,8,1024.8,1.342,7,0,0,0
241,男同学造谣我老婆骚扰，教室录音让他当场社死.txt,11999,924,12.986,46.419,12.635,47.722,0.3584,25.585,0.6959,0.6677,6.167,1.25,2.0,0.0,2.75,6.001,0.083,2.0,0.2233,0,0,30,0,2.759,0.23,0.0667,23,0,0.6364,0.0,1.167,0,11999,1.167,21,0,1,1
242,男友不许姐姐喝冰啤酒后，我分手了.txt,10303,531,19.403,127.099,16.598,96.107,0.3336,17.374,0.4294,0.6648,6.018,2.718,0.776,0.971,4.756,6.212,0.291,1.068,0.4633,3,4,16,0,2.756,0.1057,0.0714,25,0,0.6352,0.194,2.232,0,10303,0.679,16,0,0,0
243,男友出轨闺蜜后，我不再试图挽救他们了.txt,10141,435,23.313,148.943,20.561,139.108,0.3533,14.791,0.2966,0.6598,3.944,3.944,1.183,0.0,4.536,5.522,0.0,2.367,0.09,0,3,18,0,4.142,0.122,0.025,5,1,0.5981,0.887,6.212,0,10141,1.578,18,0,0,1
244,男友的幸运数字是3，我给他3个选择后他后悔了.txt,12070,547,22.066,108.651,20.061,105.293,0.3018,14.996,0.2742,0.6746,6.794,2.734,0.0,0.0,2.734,3.48,0.0,2.734,0.2,3,0,2,0,3.745,0.2471,0.0606,13,0,0.5983,0.166,3.065,0,12070,0.829,22,1,1,0
245,男友教学妹练车三年没过科目二，我分手了.txt,10804,498,21.695,205.228,18.952,168.486,0.2999,15.18,0.3976,0.6767,3.24,2.499,0.926,2.036,5.461,4.35,0.185,1.203,0.3567,0,3,22,0,2.906,0.1813,0.3333,13,0,0.6632,0.278,1.481,0,10804,0.74,19,1,0,0
246,男友骗我给校花配型，重生后我让他喜提银手镯.txt,11429,764,14.959,72.683,13.358,55.19,0.4097,24.762,0.5995,0.6348,5.95,0.525,0.0,0.0,2.8,3.937,0.0,1.575,0.2167,1,0,15,0,3.211,0.2108,0.0,21,0,0.6327,0.0,0.962,0,11429,0.525,21,0,0,0
247,男友为避嫌和闺蜜坐一起，离开他悔疯了.txt,10091,527,19.148,86.153,26.793,303.156,0.3604,17.54,0.3814,0.6641,8.126,2.676,0.595,0.0,2.775,3.667,0.0,0.099,0.04,0,1,13,0,2.676,0.1465,0.0,5,1,0.5887,0.099,3.667,0,10091,0.892,18,1,2,1
248,男友遗言留给闺蜜，我不再追着他走.txt,10287,625,16.459,49.912,15.039,45.51,0.2329,12.929,0.4912,0.7872,6.61,0.194,0.778,0.0,3.5,5.152,0.0,0.0,0.0567,0,1,22,0,3.48,0.1195,0.0,9,0,0.6462,0.0,3.305,0,10287,1.167,16,0,0,1
249,男友找我借点翠凤冠，给女明星戴着直播炫耀.txt,15631,1179,13.258,80.434,12.068,59.518,0.373,23.287,0.7201,0.693,7.805,0.576,0.384,0.512,1.983,4.734,0.0,1.28,0.19,2,0,3,0,3.25,0.2289,0.0,5,1,0.5687,0.064,1.024,1,15631.0,0.512,20,0,0,0
250,男友装穷骗我，我利用他跨越阶级.txt,11704,658,17.787,148.739,16.469,98.736,0.3019,14.354,0.5167,0.7538,5.041,0.342,0.0,1.025,3.845,3.759,0.171,2.734,0.12,0,0,11,0,3.597,0.4518,0.0,23,0,0.6272,0.342,1.709,0,11704,1.196,15,0,0,0
251,男友纵容村花害我染脏病，我笑着说染病的是你啊.txt,10098,431,23.429,127.428,18.757,152.798,0.4662,17.726,0.2436,0.587,5.546,18.419,3.367,0.198,5.447,4.555,0.198,2.377,0.4033,0,1,22,0,2.397,0.3456,0.0538,5,1,0.6713,0.297,4.456,0,10098,0.495,22,0,0,0
252,南望古墓，辞我故人.txt,10847,489,22.182,126.476,19.619,125.15,0.4042,16.502,0.2883,0.6421,2.95,3.872,4.056,0.553,4.241,3.78,0.092,1.475,0.3633,0,0,15,1,3.549,0.4516,0.0714,31,0,0.6633,0.553,2.95,0,10847,0.645,9,0,0,0
253,你不是我的伴娘，他不是我的新郎.txt,10001,410,24.393,193.839,21.597,161.915,0.3889,14.899,0.2927,0.6366,5.299,3.9,2.8,0.4,4.4,6.399,0.0,0.7,0.2267,0,0,28,0,4.12,0.2954,0.0,28,0,0.6416,0.5,3.3,0,10001,0.8,15,0,0,0
254,你不愿背起的幸福，我给别人了.txt,10637,463,22.974,162.393,23.084,177.85,0.5191,17.674,0.3218,0.594,7.709,1.504,2.256,0.0,4.137,5.641,0.094,0.94,0.6533,4,0,27,0,3.215,0.469,0.1875,4,1,0.6606,0.282,4.513,0,10637,0.188,14,0,0,0
255,你的不要，是别人的刚好.txt,13779,707,19.489,131.033,18.092,118.584,0.3608,18.506,0.4371,0.6747,6.604,1.96,6.677,3.193,3.556,3.629,0.0,1.451,0.4267,2,3,5,0,2.605,0.2866,0.0,3,0,0.6034,0.145,2.032,0,13779,0.581,11,0,0,0
256,你的许诺全是背叛.txt,9803,528,18.566,62.265,18.6,73.124,0.3442,17.342,0.3712,0.678,4.794,1.938,0.816,0.0,6.019,6.529,0.0,1.02,0.5533,0,2,1,0,3.785,0.3955,0.1579,4,1,0.6455,0.306,1.836,9,1089.2,0.918,8,0,0,0
257,你就让让她.txt,10161,576,17.641,68.282,17.343,72.565,0.3422,16.337,0.441,0.7118,3.641,0.689,0.0,0.0,4.527,5.118,0.0,1.083,0.2433,1,1,3,0,3.759,0.1927,0.0,5,1,0.6308,0.394,2.854,9,1129.0,0.492,5,0,0,0
258,你我须臾片刻就好.txt,10956,629,17.418,88.263,16.059,91.654,0.2646,19.806,0.4865,0.682,7.211,0.821,0.73,2.008,3.195,5.02,0.183,1.187,0.1333,1,1,25,0,3.322,0.2598,0.3333,7,0,0.5895,0.548,2.829,0,10956,0.913,8,0,0,0
259,你拥清月，我辞故人.txt,10746,431,24.933,275.385,19.787,123.44,0.4296,20.659,0.3132,0.5197,7.538,0.838,0.0,0.0,4.839,4.932,0.093,1.21,0.44,1,0,2,0,3.034,0.547,0.1111,20,0,0.6582,0.093,3.257,0,10746,1.117,9,0,0,0
260,年年雪落终有时.txt,31822,1263,25.196,210.447,21.187,150.952,0.2709,12.758,0.2708,0.6983,4.085,0.503,2.891,0.566,2.671,2.86,0.094,1.383,0.13,2,1,3,0,0.921,0.147,0.0,5,0,0.4919,0.063,1.383,1,31822.0,0.723,7,0,0,0
261,年薪1200万每月给妹妹8万后，妹夫要求每月涨到70万.txt,33260,2679,12.415,36.05,11.516,35.626,0.4317,35.448,0.7424,0.5599,5.863,1.203,0.301,0.0,4.209,5.352,0.511,3.578,0.2833,1,2,27,0,3.313,0.2246,0.0,22,0,0.4847,0.03,0.902,0,33260,0.361,27,1,0,0
262,娘亲刮分我的系统，这个福宝我不当了.txt,9009,390,23.1,103.731,27.786,191.644,0.358,13.764,0.2538,0.6821,2.109,2.664,0.222,0.222,5.883,8.88,0.0,0.0,0.1233,0,0,11,0,2.065,0.4806,0.0833,4,0,0.7285,0.666,0.666,0,9009,0.333,17,0,0,0
263,孽胎到底在谁的肚子里啊.txt,9186,369,24.894,227.374,18.896,148.445,0.2192,10.777,0.2846,0.7615,6.423,3.266,3.484,4.572,4.79,3.484,0.218,0.435,0.2767,2,2,21,0,2.667,0.4632,0.0333,22,0,0.673,0.327,3.484,0,9186,0.871,11,0,0,0
264,女儿病危，老公却让我提前24h申请手术费.txt,10869,454,23.941,157.646,22.348,159.276,0.3475,13.985,0.2731,0.6696,3.128,2.668,2.024,0.0,5.244,6.532,0.92,2.3,0.5033,1,1,33,0,2.052,0.1003,0.0,15,0,0.6293,0.552,1.104,0,10869,0.276,20,1,0,1
265,女儿的36万高考账单.txt,8893,393,22.628,165.118,18.409,128.837,0.7139,8.883,0.3486,0.8015,8.996,6.41,5.96,2.249,4.61,3.823,0.562,5.96,0.3,1,1,26,0,2.766,0.1336,0.0,44,0,0.6739,0.562,4.385,0,8893,1.799,10,1,0,0
266,女儿的早教课.txt,12424,771,16.114,121.742,15.776,113.271,0.3563,15.373,0.5927,0.7549,5.956,3.139,1.932,0.0,4.185,4.185,0.644,1.69,0.3067,1,0,15,0,4.234,0.2653,0.0256,6,1,0.5689,0.08,0.724,0,12424,0.241,6,0,0,0
267,女儿凌晨拽我逃命？在酒店睡到次日，业主群炸锅了.txt,31899,2704,11.797,33.435,10.889,32.978,0.263,22.007,0.7703,0.7404,3.636,0.219,0.0,0.0,3.731,2.602,0.0,1.223,0.0967,0,4,18,0,0.505,0.3295,0.1429,10,0,0.4645,0.0,0.596,0,31899,0.376,23,0,0,0
268,女儿生日当天被污蔑成野种，我直接给她找了个新爸爸.txt,11100,599,18.531,74.206,16.72,70.963,0.3614,18.919,0.404,0.6494,6.396,2.883,3.964,0.0,3.784,5.946,0.0,0.36,0.39,1,4,18,0,3.351,0.3096,0.0312,37,0,0.65,0.541,1.171,0,11100,0.541,24,0,1,0
269,女儿死后第十年，我接到了前妻的求助电话.txt,10142,618,16.411,95.815,14.601,82.884,0.4106,22.875,0.5599,0.6262,6.409,4.141,3.352,0.0,3.944,6.508,0.197,0.789,0.0767,0,0,19,0,2.859,0.2631,0.0952,14,0,0.593,0.197,1.775,0,10142,0.493,19,1,0,0
270,女学生造谣我丈夫骚扰，教室录音让她当场社死.txt,12109,927,13.063,46.932,12.713,48.245,0.3573,25.518,0.6926,0.6667,6.111,1.239,1.982,0.0,2.725,5.946,0.083,1.982,0.25,0,0,30,0,2.676,0.237,0.0667,23,0,0.6355,0.0,1.156,0,12109,1.156,21,0,1,0
271,女友不给我买表后，我跟她提分手了.txt,14005,1126,12.438,45.772,12.512,56.294,0.243,18.85,0.7176,0.7664,5.427,1.856,1.285,0.143,2.142,4.213,0.0,3.642,0.08,1,0,3,0,4.22,0.2739,0.0,4,0,0.5803,0.286,1.428,1,14005.0,1.357,16,0,0,0
272,女友让学习搭子回恋爱消息后，我分手了.txt,10696,436,24.532,280.423,19.85,125.465,0.4252,20.568,0.3257,0.5275,7.479,0.841,0.0,0.0,4.862,5.423,0.093,1.215,0.4367,1,0,1,0,3.048,0.5262,0.1111,18,0,0.6582,0.093,2.711,0,10696,1.122,18,0,0,0
273,判定死亡2190天，我从边境毒窟爬回来了.txt,21034,1589,13.237,93.396,10.627,59.67,0.0,0.0,0.7124,1.0,5.372,0.095,7.321,9.794,3.28,2.377,0.571,6.561,0.0,0,0,11,1,2.648,0.0,1.0,47,0,0.5549,0.143,1.236,0,21034,0.618,20,1,0,0
274,抛绣球当日世子要我嫁给乞丐，我母仪天下了.txt,11041,818,13.498,61.458,12.414,47.39,0.3225,18.839,0.6711,0.7457,3.623,2.083,0.0,0.0,4.8,5.797,0.0,0.091,0.2867,0,2,18,1,3.659,0.1638,0.0,9,0,0.6285,0.272,0.181,0,11041,0.091,20,0,0,0
275,骗我净身出户？我搬空全家，顾总出差回来疯了.txt,24467,1332,18.369,181.904,13.855,64.398,0.5451,28.16,0.5458,0.5038,10.586,1.717,0.0,0.0,3.597,4.618,0.163,0.94,0.0333,0,1,27,0,3.053,0.4083,0.1667,66,0,0.5059,0.082,0.817,0,24467,0.777,21,0,1,0
276,贫困生给我的换命茶，我反手给瘫痪多年的老奶喝.txt,9517,837,11.37,33.739,10.536,31.71,0.3203,25.008,0.7957,0.7157,7.04,1.366,2.312,0.0,3.362,5.149,0.0,1.681,0.1633,2,0,3,0,3.341,0.0977,0.0,13,0,0.6174,0.105,1.681,10,951.7,0.736,22,0,0,0
277,贫困生男大说我女儿倒贴他后，我让全校看了监控.txt,11762,621,18.94,133.957,14.238,83.63,0.5384,22.7,0.4767,0.57,9.012,14.453,0.0,0.0,3.826,5.271,0.85,1.19,0.1167,1,1,40,0,2.338,0.2019,0.0176,5,1,0.6282,0.68,3.571,0,11762,0.425,22,0,0,0
278,贫困生偷走我的味觉后，我狂炫了五十几芒果.txt,8768,361,24.288,147.241,20.987,133.409,0.1906,10.379,0.2465,0.7701,3.65,2.053,3.878,2.053,2.281,1.711,0.228,2.395,0.0,0,1,26,0,2.304,0.0525,0.0,8,0,0.5776,0.0,0.798,0,8768,1.597,20,1,0,0
279,品学兼优的女儿把我骂了.txt,11293,585,19.304,198.545,15.277,100.982,0.359,15.496,0.4786,0.7077,4.693,4.605,4.782,0.177,3.099,4.516,0.708,3.188,0.0,0,0,21,1,2.515,0.2485,0.0,5,0,0.6618,0.62,2.745,0,11293,0.266,11,0,0,0
280,婆婆包了韭菜鸡蛋馅的饺子，我吃完后她崩溃了.txt,33297,2650,12.565,38.876,11.643,39.06,0.3659,30.814,0.7362,0.6128,6.727,0.751,0.42,0.0,2.763,5.045,0.03,0.811,0.13,0,1,28,1,1.264,0.3264,0.08,38,0,0.4573,0.0,0.481,0,33297,0.33,21,0,0,1
281,婆婆怀里的孩子到底是谁的.txt,10605,496,21.381,146.998,17.097,81.623,0.5141,20.651,0.3448,0.5685,8.487,10.844,2.829,0.0,4.432,5.375,0.0,1.886,0.3167,1,1,13,0,3.319,0.5674,0.0957,28,0,0.6172,1.132,5.846,0,10605,0.471,12,0,0,1
282,婆婆抢我救命钱给小姑子整容，我反手送全家进深渊.txt,10526,583,18.055,77.62,15.876,68.914,0.3374,17.101,0.4322,0.6913,6.46,5.415,2.09,0.0,6.175,5.225,0.285,0.57,0.3533,0,1,21,0,3.173,0.0855,0.0,17,0,0.6502,0.19,1.995,0,10526,0.57,23,0,0,2
283,婆婆寿宴骂我儿子是野种，我反手认下她却先疯了.txt,9567,700,13.667,61.936,12.446,51.229,0.4268,25.086,0.66,0.66,8.467,4.808,1.672,0.209,5.226,4.704,0.105,3.136,0.3667,2,3,30,0,2.801,0.2132,0.0,5,1,0.6229,0.0,1.045,0,9567,0.314,22,0,1,1
284,剖腹产第二天，我叫来了离婚律师.txt,10347,477,21.692,212.075,18.627,132.945,0.3881,15.077,0.3732,0.6939,5.992,2.803,4.736,0.0,4.639,5.509,0.0,1.836,0.5933,4,1,20,0,3.18,0.2802,0.0345,5,1,0.6509,0.0,2.03,0,10347,1.063,15,1,0,0
285,妻子把我的方案送情人，董事长点名我拒讲.txt,22045,1430,15.416,184.222,12.175,84.801,0.4779,28.17,0.6692,0.5902,8.664,0.771,1.452,10.479,1.814,1.633,0.499,5.217,0.2167,0,2,49,0,2.645,0.4222,0.2941,3,0,0.5224,0.045,1.179,30,734.8,1.27,19,0,0,1
286,妻子说不买房结婚？58岁查公积金账户时我傻眼了.txt,28461,2193,12.978,45.093,12.104,43.693,0.3373,26.387,0.6995,0.6575,5.551,0.281,0.0,0.0,2.354,3.584,0.035,3.724,0.0,0,0,22,0,3.011,0.1324,0.0,26,0,0.4848,0.035,0.492,0,28461,0.527,23,1,0,1
287,妻子说怕人吃醋，与我分房三年.txt,15491,911,17.004,100.703,14.954,81.068,0.3672,23.82,0.5379,0.6015,7.359,0.775,0.0,0.646,2.711,3.421,0.129,1.614,0.1367,0,0,13,0,3.486,0.5523,0.0833,15,0,0.5228,0.258,1.549,0,15491,0.775,14,1,0,1
288,妻子替男上司生娃还刷我的卡？我冻结资产，妻子慌了.txt,14354,785,18.285,123.529,14.679,103.137,0.4319,21.875,0.4726,0.6025,6.549,5.295,7.663,0.0,3.623,5.713,0.488,2.369,0.4667,3,1,30,0,3.226,0.1407,0.0,3,0,0.6066,0.279,2.508,0,14354,0.348,24,0,0,1
289,千里相约一朝落空.txt,8656,382,22.66,142.214,18.433,131.144,0.4013,17.907,0.2749,0.5969,3.119,11.784,9.358,0.0,3.235,4.737,0.0,0.462,0.0267,0,0,20,1,2.761,0.3245,0.0,3,0,0.6709,0.347,0.809,0,8656,1.155,8,1,0,0
290,牵牛花开在没有偏心的夏天.txt,10187,576,17.686,70.238,16.722,78.055,0.3453,17.571,0.4531,0.6892,5.595,2.552,0.0,0.196,3.436,2.454,0.687,2.65,0.5267,1,3,2,0,3.151,0.5735,0.2692,17,0,0.6382,0.393,1.767,0,10187,0.785,12,0,0,0
291,前尘皆过客，我自赴长风.txt,10330,503,20.537,88.753,18.896,100.783,0.3713,17.619,0.332,0.6382,5.808,4.453,1.355,0.0,5.034,4.163,0.0,0.871,0.7033,0,1,29,1,4.037,0.457,0.1304,4,1,0.635,0.194,1.839,0,10330,0.581,11,0,0,0
292,前夫为白月光骂我精神病我反手拉响警报.txt,10174,414,24.575,156.877,27.183,318.454,0.3966,17.594,0.2415,0.5725,5.996,3.342,0.0,0.983,3.833,5.603,0.0,0.59,0.3533,8,3,36,1,3.499,0.1483,0.0,53,0,0.6655,0.197,2.949,0,10174,0.197,18,0,0,1
293,前路至此，便是终点.txt,9017,497,18.143,47.724,16.794,49.385,0.4356,21.182,0.3863,0.6157,7.985,0.776,2.662,0.0,3.327,4.658,0.111,0.665,0.2167,0,2,3,0,2.473,0.3692,0.1429,24,0,0.6675,0.222,3.992,3,3005.7,0.665,9,0,0,0
294,前男友带新欢住进我家，我反手发了律师函.txt,10387,665,15.62,96.29,12.884,57.047,0.4012,20.988,0.609,0.6782,9.82,2.118,0.385,0.0,7.509,6.547,0.096,1.637,0.3067,3,3,13,0,3.466,0.1203,0.0,14,0,0.6084,0.289,1.348,0,10387,0.674,19,0,0,0
295,亲戚借车自驾游，归还时车身藏了两百斤违禁品.txt,9828,725,13.556,98.771,11.293,66.942,0.2507,16.28,0.709,0.7959,4.477,2.646,2.646,7.326,2.442,3.561,0.305,3.46,0.2633,0,0,17,0,2.849,0.1953,0.0,41,0,0.653,0.204,1.73,11,893.5,0.712,21,1,0,0
296,清冷禁欲的霸总老公失忆后，我带着千万资产带球跑了.txt,14826,841,17.629,137.691,14.334,85.578,0.0158,1.214,0.5232,0.9786,8.768,1.821,3.507,3.103,3.238,5.463,0.0,2.765,0.0567,1,0,16,0,3.366,0.0,0.037,5,1,0.6114,0.067,2.158,0,14826,0.877,24,1,0,1
297,情侣套餐分她一半，我的未来没你一分.txt,10136,609,16.644,40.105,15.579,42.774,0.3693,21.409,0.4253,0.6437,0.592,0.0,0.987,0.0,3.749,4.44,0.0,0.296,0.41,0,1,20,0,3.345,0.3087,0.0,11,0,0.5889,1.085,1.48,0,10136,0.691,17,1,0,0
298,请为自己勇敢千千万万次.txt,11032,601,18.356,124.223,17.026,115.225,0.5342,15.954,0.4825,0.6839,5.62,3.535,0.544,0.363,5.076,7.07,0.0,1.813,0.0833,0,1,2,0,4.206,0.1232,0.1538,18,0,0.6248,0.0,3.082,0,11032,0.725,11,1,0,0
299,秋来时我已不等你了.txt,13447,649,20.72,133.455,17.385,104.039,0.2705,17.476,0.3575,0.6841,6.395,2.826,6.247,0.0,2.975,8.403,0.074,1.041,0.1233,1,3,19,0,4.38,0.2184,0.0263,11,0,0.5668,0.297,1.041,0,13447,0.669,9,0,0,0
300,全公司都知道裁员是假的，除了我.txt,14012,1073,13.059,123.289,10.218,55.56,0.4819,34.47,0.7446,0.5918,11.704,1.142,6.423,14.131,3.14,3.854,0.285,5.281,0.3133,3,1,11,0,2.947,0.5535,0.125,41,0,0.5776,0.143,2.926,17,824.2,0.428,15,0,0,0
301,全家偏心养妹后，我不要他们了.txt,10134,485,20.895,72.779,19.768,74.655,0.2571,13.519,0.2763,0.7216,3.552,4.144,2.368,0.099,3.059,5.822,0.099,0.296,0.1167,0,4,33,0,2.97,0.1884,0.0238,14,0,0.6652,0.493,3.158,0,10134,1.283,14,0,0,0
302,全家让我放弃清华上二本，我奔向旷野了.txt,10283,640,16.067,108.116,14.615,100.754,0.3329,15.851,0.5594,0.7453,6.613,3.404,4.084,0.0,2.82,3.112,0.097,1.556,0.2367,3,0,30,0,2.703,0.2993,0.0,26,0,0.6132,0.681,3.793,0,10283,1.167,18,1,0,0
303,全家人都想姐姐继承家业，殊不知我才是最后赢家.txt,14716,863,17.052,92.486,15.364,94.607,0.3106,18.076,0.5064,0.6929,5.436,0.0,0.951,3.398,2.514,3.466,0.136,2.107,0.0,0,0,9,0,3.112,0.3551,0.0,5,1,0.609,0.068,0.747,0,14716,1.427,22,0,0,0
304,全家说我是废物，我信了十八年.txt,13552,957,14.161,99.368,12.477,80.848,0.238,17.267,0.6625,0.7785,6.198,2.361,6.936,11.364,3.247,4.87,0.812,4.427,0.0,1,1,16,0,2.31,0.135,0.125,23,0,0.6021,0.074,2.14,11,1232.0,0.443,14,1,0,0
305,全家问斩，我爹狂爆家丑卡诛九族，皇帝当场听懵了.txt,29367,2736,10.734,39.001,9.56,32.52,0.3801,33.235,0.8257,0.6433,8.206,4.938,1.158,0.0,4.597,6.913,0.0,0.715,0.2867,7,3,17,0,3.589,0.3105,0.1034,7,0,0.5093,0.068,0.681,0,29367,0.204,23,1,1,0
306,全家用杀鸡儆猴逼我高考交白卷.txt,10096,601,16.799,100.364,15.319,90.881,0.302,15.551,0.5225,0.7421,5.25,5.547,1.783,0.0,4.853,5.052,0.0,0.495,0.21,0,2,20,1,2.872,0.3485,0.1607,11,0,0.6116,0.891,3.17,0,10096,1.585,14,0,0,0
307,全校第一带头罢考以后.txt,25851,2096,12.333,44.645,11.596,44.461,0.5041,36.749,0.7409,0.5468,6.924,0.309,0.387,0.0,1.277,1.702,0.542,4.294,0.2833,0,0,1,0,1.594,0.3998,0.125,12,0,0.5051,0.116,0.928,0,25851,0.542,10,1,0,0
308,缺席了我人生二十年的公平，我不要了.txt,10012,650,15.403,50.468,14.315,49.113,0.3261,17.08,0.5769,0.7385,4.195,2.097,0.799,0.0,3.396,7.691,0.1,0.699,0.2133,3,3,9,1,2.917,0.3154,0.0952,23,0,0.6322,0.2,0.999,0,10012,1.199,17,1,0,0
309,缺席萨摩耶的全家福后，我退场了.txt,11468,746,15.373,39.196,14.374,39.39,0.2991,21.538,0.5563,0.6689,5.145,0.087,0.0,0.0,3.837,4.883,0.0,0.872,0.3033,2,4,2,0,3.113,0.1578,0.0,14,0,0.5964,0.174,1.657,0,11468,0.872,15,0,0,0
310,让给妹妹二十年，我终于赎回我的黎明.txt,9968,482,20.68,103.031,18.524,90.846,0.3986,21.77,0.3506,0.5726,4.314,4.213,2.006,0.0,5.518,4.615,0.1,0.803,0.3333,0,2,12,1,4.585,0.1424,0.0476,20,0,0.6692,0.301,3.411,0,9968,0.201,17,1,0,0
311,让你出套卷子，没让你把全省考生逼疯啊.txt,10863,891,12.192,94.216,11.133,78.461,0.3849,24.671,0.7677,0.7104,10.126,3.038,8.469,9.021,2.209,2.854,1.105,4.419,0.1833,7,1,13,1,3.038,0.2461,0.0606,10,0,0.6063,0.092,4.143,0,10863,0.829,18,0,0,0
312,让你守山门，你把整个仙门掀了？.txt,25175,1494,16.851,149.807,13.574,98.905,0.358,25.7,0.571,0.6171,6.753,1.986,7.071,13.505,2.661,3.297,0.0,0.556,0.0267,0,2,20,0,0.715,0.5266,0.14,8,0,0.5248,0.199,1.629,22,1144.3,0.357,15,0,0,0
313,让一让？高考后我让到两千公里外，妈你咋急了.txt,31551,2584,12.21,34.552,11.262,32.942,0.3865,30.332,0.7539,0.6296,7.385,0.761,0.127,0.0,2.884,5.325,0.063,1.87,0.2667,4,1,15,0,3.835,0.2319,0.0417,5,0,0.4348,0.032,0.602,0,31551,0.19,21,1,0,0
314,人间偏爱皆落空，南风千里送我行 .txt,12364,787,15.71,121.062,15.183,57.98,0.2791,16.985,0.5311,0.7344,6.551,1.698,0.0,0.324,3.478,3.64,0.89,2.831,0.1067,0,3,15,0,2.354,0.2741,0.0,21,0,0.6021,0.404,1.779,0,12364,0.485,15,1,0,0
315,认亲宴上，我第一个求真千金救我.txt,18221,1696,10.744,43.259,10.685,51.387,0.453,38.801,0.8278,0.5831,8.781,2.689,2.854,0.22,3.512,6.805,0.165,1.482,0.22,0,2,5,0,3.962,0.3396,0.102,12,0,0.5875,0.22,1.811,0,18221,0.768,15,1,0,1
316,容忍不需天份，只要爱错一人.txt,10183,605,16.831,62.22,19.126,111.66,0.348,17.578,0.4793,0.7041,6.481,3.142,0.0,0.0,3.732,5.696,0.0,1.08,0.3167,0,0,2,0,3.005,0.4043,0.125,7,1,0.6379,0.687,2.062,0,10183,0.982,13,1,0,0
317,入住新房第一天，天花板里掏出一堆死鸡.txt,10195,375,27.187,198.273,28.356,284.183,0.4676,17.852,0.2027,0.528,7.258,2.648,0.0,0.0,7.16,3.727,0.098,5.885,0.2767,0,1,4,0,2.629,0.2394,0.0741,6,1,0.6756,0.392,3.923,20,509.8,0.196,18,1,0,0
318,若是月亮还没来，路灯也可照窗台.txt,10218,503,20.314,60.586,18.579,63.853,0.4518,19.867,0.2823,0.5964,6.263,3.23,0.0,0.196,2.936,5.187,0.196,1.664,0.2967,0,1,2,0,1.537,0.6452,0.3333,26,0,0.6326,0.0,3.817,0,10218,0.881,15,0,0,0
319,三次纵容小姑子，耗尽我整场婚姻温柔.txt,21810,1082,20.157,256.689,15.322,96.5,0.4006,21.825,0.4787,0.598,7.657,1.1,0.367,4.402,2.568,1.788,0.963,7.611,0.34,1,1,22,0,3.324,0.326,0.0,20,0,0.5138,0.229,2.109,30,727.0,1.467,17,1,0,1
320,三个大佬爸爸的团宠女儿突然懂事后，他们疯了.txt,11390,672,16.949,114.329,14.978,104.286,0.3352,29.412,0.5387,0.5804,5.356,1.668,0.0,8.78,4.565,3.863,0.263,1.844,0.0233,0,1,1,0,3.521,0.5877,0.0,5,1,0.581,0.0,3.6,0,11390,0.79,21,1,1,0
321,三个人的家，我不住了.txt,10162,711,14.293,38.888,13.025,37.088,0.3497,21.059,0.6385,0.699,7.282,0.984,1.181,0.197,4.822,4.035,0.0,0.295,0.2,2,1,19,0,4.251,0.2891,0.1,16,0,0.6132,0.098,2.559,0,10162,0.886,10,1,0,0
322,嫂子买通月嫂换子，我靠弹幕撕开亲子骗局.txt,9064,627,14.456,112.736,12.3,56.662,0.4187,23.058,0.6938,0.6683,7.171,5.516,1.765,0.441,4.413,7.833,0.0,1.324,0.1833,0,0,24,1,3.321,0.2095,0.0,6,0,0.6295,0.0,1.324,0,9064,0.662,19,0,0,0
323,杀猪匠真千金回豪门，被全家宠上天.txt,12635,730,17.308,63.575,14.263,71.84,0.3948,23.585,0.4466,0.5945,7.44,15.829,2.849,0.0,5.857,4.116,0.554,3.482,0.3333,3,1,14,0,2.976,0.3972,0.08,5,1,0.6304,0.158,4.749,0,12635,0.475,16,1,0,1
324,山川失约，海风赴我.txt,10142,780,13.003,46.503,12.731,49.001,0.3265,22.382,0.7179,0.7128,6.31,0.493,0.0,0.0,2.366,5.423,0.0,1.479,0.2333,2,2,2,0,3.757,0.3919,0.2,7,1,0.6029,0.099,1.873,0,10142,0.789,9,0,0,0
325,商务座被占后，我直接花2000升头等舱.txt,32712,2749,11.9,39.898,11.0,39.483,0.4632,35.553,0.7595,0.5769,7.52,0.275,0.061,0.061,2.598,3.668,0.122,1.437,0.1533,1,4,19,0,2.494,0.3533,0.0,5,0,0.4772,0.0,0.459,0,32712,0.275,19,1,1,0
326,上辈子偷我孙女，这辈子我亲手抓贼.txt,10743,769,13.97,69.223,12.194,54.938,0.0043,0.186,0.6554,0.9974,5.306,2.42,8.191,0.0,4.189,6.423,0.0,1.489,0.0,5,0,16,0,3.314,0.0,0.2692,5,1,0.6045,0.186,2.234,0,10743,0.372,16,0,0,0
327,舍友让我八点前回宿舍，我没回去，她们死了.txt,9165,756,12.123,38.642,11.448,39.196,0.2806,21.713,0.7778,0.7368,6.438,0.873,0.655,0.0,4.364,5.237,0.0,0.982,0.1533,1,5,20,0,4.201,0.0992,0.0,17,0,0.6071,0.0,1.528,10,916.5,1.309,20,1,0,0
328,舍友退租顺走备用钥匙，三天后她来开门了.txt,29802,2218,13.436,52.885,12.509,50.475,0.3263,24.327,0.6862,0.6731,7.449,0.268,0.067,0.067,3.087,2.819,0.067,1.342,0.0567,1,4,36,0,3.147,0.2637,0.375,6,0,0.4822,0.034,1.107,0,29802,0.805,19,1,0,0
329,舍友想当我后妈说我爸侵犯她，可我爸远在千里之外啊.txt,10233,507,20.183,96.45,19.593,99.253,0.6328,10.945,0.3669,0.7436,3.127,0.391,3.909,0.0,3.616,3.909,0.195,1.466,0.1133,0,4,34,0,3.831,0.1172,0.0,5,1,0.6354,0.293,2.345,0,10233,0.88,24,1,0,0
330,舍友造谣我女儿校园霸凌，宿舍录音对她公开处刑.txt,11257,725,15.527,76.026,13.747,52.194,0.4511,27.183,0.5766,0.5876,6.041,1.244,0.711,0.0,2.932,5.685,0.089,1.51,0.0,0,3,3,0,2.407,0.3073,0.0,11,0,0.6212,0.0,1.244,10,1125.7,1.155,22,0,0,0
331,谁稀罕当你的好妹妹，死对头他蓄谋已久.txt,11617,622,18.677,117.685,17.438,114.437,0.2593,13.945,0.4293,0.746,5.165,2.669,0.0,1.205,4.132,5.423,0.0,1.291,0.4033,4,0,1,0,3.288,0.2151,0.0323,3,0,0.6896,0.43,2.669,0,11617,0.516,18,0,0,0
332,谁许我一朝天上人间.txt,11440,666,17.177,165.101,15.664,161.741,0.3043,18.794,0.5691,0.7087,3.759,1.486,8.129,0.35,2.885,4.545,0.0,1.748,0.1233,0,0,1,0,3.733,0.2281,0.1176,5,1,0.542,0.262,1.573,2,5720.0,0.524,9,1,0,0
333,深情散尽，风月无声.txt,20840,952,21.891,173.576,19.644,170.756,0.3394,16.987,0.3613,0.6723,6.766,5.47,0.0,1.823,4.415,4.798,0.0,1.344,0.4167,2,2,2,0,1.761,0.3321,0.0614,11,0,0.6279,0.288,1.392,0,20840,0.192,9,0,0,0
334,什么真千金假千金的？谁在意啊.txt,14705,618,23.794,207.791,21.927,282.577,0.3357,15.029,0.2896,0.6489,7.072,8.024,3.672,0.884,4.556,3.264,0.068,2.448,0.0967,0,2,18,0,2.339,0.4582,0.1695,5,0,0.6742,0.476,8.296,0,14705,0.408,14,1,0,1
335,胜率97%的女友，为我打输了唯一一场官司.txt,15839,1028,15.408,54.145,13.976,60.982,0.342,20.203,0.5525,0.7053,6.377,3.914,0.0,0.0,4.356,4.293,0.694,3.536,0.16,0,0,4,0,3.239,0.4376,0.0,7,1,0.607,0.316,1.01,0,15839,0.758,20,1,0,0
336,盛夏繁花满天，不见故人.txt,8634,479,18.025,92.346,17.489,116.447,0.3866,16.794,0.453,0.6994,7.528,4.633,0.927,0.695,4.054,5.907,0.0,1.042,0.61,2,0,25,0,3.428,0.4699,0.0,5,1,0.6606,0.347,3.938,0,8634,0.463,11,0,0,0
337,失眠的夜没有尽头.txt,10124,580,17.455,85.755,17.615,92.355,0.3791,18.767,0.4672,0.6724,2.963,1.58,2.963,0.0,5.136,4.05,0.0,0.988,0.1267,0,5,22,0,3.793,0.306,0.0,10,0,0.6376,0.395,2.371,0,10124,0.593,8,0,0,0
338,失忆后，球星男友说我们分了.txt,37093,1494,24.828,202.816,20.953,164.82,0.2818,14.208,0.2798,0.7048,5.365,4.071,2.966,5.338,3.154,3.262,0.0,1.752,0.5733,1,2,3,0,1.089,0.2836,0.0993,4,0,0.4658,0.324,3.208,1,37093.0,0.62,13,0,0,0
339,师娘说我夫君毁她清誉，看清是谁后她悔疯了.txt,9803,400,24.508,217.955,19.823,152.107,0.3955,15.811,0.3175,0.6125,3.06,7.345,2.652,3.264,3.264,4.284,0.102,1.02,0.0,0,1,54,1,1.897,0.0917,0.0278,25,0,0.6577,0.51,2.244,0,9803,0.612,20,0,2,0
340,十一次的误认，十七次的沉默.txt,13143,698,18.83,147.084,15.788,93.353,0.3779,21.608,0.4499,0.6117,6.239,1.37,0.0,1.978,3.272,2.815,0.152,1.978,0.1567,0,0,4,0,3.561,0.4509,0.0,7,1,0.5689,0.38,3.424,0,13143,0.989,13,1,0,0
341,十月怀珠落她名.txt,12191,776,15.71,112.701,12.99,47.528,0.3667,20.507,0.6147,0.683,7.382,1.312,0.656,0.0,2.543,5.004,0.0,0.0,0.11,1,0,9,1,3.576,0.3549,0.0,15,0,0.59,0.082,1.066,0,12191,0.164,7,1,0,0
342,时薪十万，疯批财阀的阿司匹林.txt,12662,644,19.661,161.826,15.624,89.979,0.3011,18.086,0.4394,0.6599,3.396,5.765,4.581,0.158,6.081,7.187,0.316,3.317,0.07,1,6,1,0,2.796,0.2431,0.0,3,0,0.6301,0.711,1.974,1,12662.0,0.79,14,1,0,0
343,实习生蹭男友副驾，我反手教他俩分寸.txt,9811,637,15.402,68.008,15.064,77.104,0.3038,16.104,0.5761,0.7567,4.485,5.606,2.854,0.408,6.421,4.791,0.0,1.121,0.1867,3,2,9,0,3.2,0.4756,0.0727,8,0,0.6271,0.0,3.873,0,9811,0.612,17,0,0,1
344,实习生说她是弹幕女主，那我偏要抢走她的主角光环.txt,14089,851,16.556,109.671,12.814,81.599,0.3523,23.777,0.5582,0.6439,11.498,5.891,3.123,3.407,5.252,4.685,0.142,1.207,0.2033,0,5,28,0,3.684,0.2555,0.0602,10,0,0.5579,0.071,3.833,0,14089,0.852,23,0,0,1
345,拾金不昧后，污蔑我偷钱的贫困生悔疯了.txt,14470,902,16.042,109.947,14.326,83.988,0.4739,24.741,0.6075,0.6053,8.155,1.244,2.626,0.138,3.317,5.183,0.829,5.943,0.3233,0,1,30,0,2.757,0.3476,0.0,5,1,0.567,0.207,1.728,1,14470.0,0.276,18,0,2,0
346,世纪婚礼次日，我躺上了引产台.txt,10655,609,17.496,65.028,15.816,73.58,0.3519,18.958,0.445,0.6683,6.476,2.534,5.068,0.0,4.036,4.974,0.0,1.408,0.5,1,1,3,0,3.107,0.2561,0.0,17,0,0.6298,0.188,1.126,10,1065.5,1.22,14,0,0,0
347,世子妃不争不抢，好孕外室气疯了.txt,10837,573,18.913,88.537,16.537,71.456,0.3377,13.841,0.3927,0.7382,4.983,7.382,0.0,0.0,4.891,3.23,0.277,1.476,0.5067,0,2,2,0,2.648,0.1476,0.025,16,0,0.6637,0.185,1.938,0,10837,0.923,15,0,1,0
348,世子纳妾那日，是我离走之时.txt,22156,1797,12.329,70.955,12.01,42.413,0.3293,27.938,0.7563,0.6555,7.402,2.618,0.0,0.271,4.152,6.951,0.045,1.354,0.07,0,1,13,0,1.029,0.2306,0.1897,11,0,0.4917,0.181,1.309,7,3165.1,0.451,13,0,0,0
349,室友爸妈想鸠占鹊巢，我反手叫来了帽子叔叔.txt,9439,299,31.569,395.148,25.508,293.598,0.3701,9.853,0.1706,0.6923,7.416,5.297,0.424,0.0,7.31,3.602,0.106,0.53,0.2333,3,3,20,0,3.539,0.1695,0.02,16,0,0.606,0.318,2.966,1,9439.0,0.318,20,0,0,1
350,室友的爱情理论害死我，重生后我不拦着她了.txt,9734,395,24.643,280.893,23.172,184.381,0.3669,13.355,0.319,0.6734,5.958,4.007,2.671,0.0,6.472,3.185,0.103,1.13,0.2267,0,0,15,1,2.959,0.1458,0.0,20,0,0.6445,0.205,1.644,0,9734,1.746,20,0,0,1
351,室友骑坏豪车让我背锅，可车主是我亲哥.txt,9826,468,20.996,79.205,20.357,94.047,0.2898,12.925,0.2585,0.7286,4.173,8.04,0.407,0.0,6.004,5.394,0.204,2.239,0.18,3,1,19,0,2.381,0.0946,0.0253,5,1,0.7052,1.119,2.951,0,9826,0.407,18,0,0,1
352,室友偷我退役国服号钓野王，我登号让她直播翻车.txt,32756,2100,15.598,142.788,12.74,93.81,0.0,0.0,0.6162,1.0,8.304,0.092,0.0,0.0,9.617,2.198,0.244,2.687,0.0,1,1,34,1,2.943,0.0,0.0,3,1,0.4236,0.122,2.198,0,32756,0.794,22,0,0,1
353,收到未来自己的邮件后，我断亲了.txt,10203,518,19.697,50.385,17.413,57.062,0.2968,15.094,0.2954,0.7046,3.038,8.527,0.392,0.0,6.175,4.606,1.274,4.606,0.3433,0,1,15,0,2.186,0.2449,0.0805,29,0,0.7097,0.196,3.626,0,10203,0.49,15,0,0,0
354,守墓无归，不见旧人.txt,11127,675,16.484,78.916,20.177,197.837,0.4299,22.468,0.5319,0.6311,8.987,6.291,1.977,1.258,5.662,7.819,0.27,1.528,0.36,2,2,12,0,3.181,0.5409,0.0571,11,0,0.6237,0.359,3.325,0,11127,0.539,9,0,0,0
355,首富爸妈想换我一个肾给病弱假千金，可我是僵尸没肾给 .txt,11825,656,18.026,240.493,15.196,107.785,0.4039,20.888,0.4741,0.6265,4.228,10.148,0.0,0.0,4.82,4.228,0.169,2.452,0.18,0,2,25,0,2.402,0.5218,0.0083,3,0,0.6378,0.254,2.537,0,11825,0.677,25,1,0,1
356,叔叔出狱无人接，我驱车八百公里后他给了我两千一百万.txt,32050,2966,10.806,29.645,9.879,28.746,0.3559,33.417,0.8227,0.6389,8.924,1.404,0.062,0.0,5.179,5.398,0.312,2.122,0.2467,1,1,17,0,3.279,0.2452,0.2,20,0,0.4633,0.0,1.03,0,32050,0.25,25,1,0,0
357,叔嫌饭慢爸扇妈十巴掌，我搬起砖头后全家慌了.txt,32372,2899,11.167,30.718,10.236,29.893,0.3894,32.003,0.8065,0.6426,6.024,2.873,0.124,0.0,6.086,5.9,0.556,2.44,0.1067,3,2,20,1,3.528,0.3014,0.0323,9,0,0.4424,0.093,0.772,0,32372,0.494,21,1,0,0
358,暑假投奔小姨被晾到凌晨，我转身捧红隔壁档口.txt,12347,753,16.397,96.117,13.255,57.716,0.3284,19.681,0.5538,0.6972,5.021,4.212,2.592,0.0,4.212,3.078,0.324,1.701,0.3367,1,2,32,0,4.252,0.2121,0.0192,12,0,0.579,0.162,2.511,0,12347,1.053,21,0,0,0
359,刷到闺蜜偷我人生的帖子后，我重生了.txt,10104,464,21.776,74.824,19.835,80.579,0.4343,18.508,0.2349,0.597,6.433,0.297,0.0,0.0,2.276,6.829,0.198,1.188,0.0,2,0,20,0,3.513,0.1512,0.0,22,0,0.5978,0.198,3.266,0,10104,0.693,17,0,0,1
360,双重背叛，我选择翻篇.txt,10204,715,14.271,56.699,13.941,55.174,0.3045,17.346,0.621,0.7608,4.606,0.294,0.0,0.196,2.842,5.194,0.098,3.724,0.2933,1,0,19,0,3.626,0.1389,0.0,7,0,0.6792,0.392,1.96,0,10204,0.294,10,0,0,0
361,说我要和假千金雌竞？不好意思我是姐宝女.txt,14925,663,22.511,134.189,22.747,180.504,0.1764,8.04,0.2866,0.819,2.747,3.283,2.144,0.134,4.221,5.561,0.134,1.608,0.3,0,2,18,0,2.861,0.1246,0.0,38,0,0.6215,0.469,2.01,0,14925,0.536,19,1,0,1
362,司机的女朋友不准我上车后，她悔疯了.txt,13635,658,20.722,125.428,22.481,162.098,0.4935,22.809,0.3754,0.5274,10.194,5.134,2.494,0.0,6.014,4.547,0.147,1.98,0.45,3,5,5,0,2.912,0.4292,0.1143,18,0,0.5643,0.88,3.447,0,13635,0.0,17,0,2,1
363,司仪喊到第三遍的时候，我决定换个新郎.txt,10211,537,19.015,97.817,20.795,109.911,0.462,20.86,0.3892,0.6034,3.917,5.974,2.155,0.0,4.897,3.33,0.392,3.624,0.4633,0,3,23,0,2.85,0.4609,0.1148,14,0,0.6323,0.392,2.938,0,10211,0.196,18,1,0,0
364,私藏星辉藏尽相思.txt,29334,1277,22.971,83.898,20.491,92.334,0.2781,15.954,0.2153,0.6523,6.511,0.716,4.023,0.545,2.591,3.716,0.17,1.568,0.1967,2,0,3,0,3.344,0.2641,0.2381,7,1,0.5427,0.17,2.659,1,29334.0,0.784,8,0,0,0
365,死对头想要娘亲替她养皇儿，魔丸用婴语杀疯了.txt,9745,328,29.71,287.846,21.702,212.116,0.3393,13.956,0.1982,0.6098,6.567,19.395,0.0,0.41,4.31,7.183,0.103,1.129,0.2133,4,1,2,0,1.16,0.3333,0.0688,24,0,0.6965,0.513,3.694,0,9745,0.41,21,0,1,0
366,岁岁逢春，旧人殊途.txt,10394,448,23.201,164.969,20.564,132.424,0.4325,14.624,0.3192,0.6629,6.35,0.0,0.0,0.0,5.003,2.79,0.0,0.192,0.3633,0,4,23,0,2.857,0.1942,0.0,17,0,0.5937,0.192,5.773,0,10394,0.289,9,0,0,0
367,岁岁难自安.txt,11301,782,14.451,65.831,13.85,61.201,0.1741,11.503,0.6355,0.8338,2.832,2.389,2.478,0.885,5.044,3.451,0.177,1.593,0.1367,0,3,5,0,3.849,0.1415,0.0,4,1,0.6217,0.354,2.212,0,11301,0.885,5,0,0,0
368,岁岁无君亦无晴.txt,10175,582,17.483,108.628,15.731,107.518,0.2926,16.511,0.4794,0.7131,6.88,4.324,3.538,0.197,3.538,4.816,0.0,0.59,0.4267,1,1,18,0,2.821,0.3281,0.2273,12,0,0.6608,0.197,2.359,0,10175,2.064,7,0,0,0
369,岁月不予迟来人.txt,13178,556,23.701,93.715,19.752,86.105,0.3237,13.735,0.1978,0.6817,3.642,3.339,0.0,0.455,3.946,4.022,1.366,3.794,0.3133,2,2,4,0,2.595,0.1879,0.0909,7,1,0.6477,0.455,1.594,0,13178,0.986,7,0,0,0
370,碎玻璃拼不出满月.txt,12578,597,21.069,80.831,18.546,108.27,0.3547,17.809,0.2781,0.6248,4.929,5.804,6.519,0.0,4.293,6.36,0.239,1.272,0.55,1,0,25,0,2.775,0.4126,0.0,15,0,0.6257,0.477,3.578,0,12578,0.477,8,0,0,0
371,碎成两半的家，我不要了.txt,10455,518,20.183,102.513,18.54,94.91,0.3775,19.225,0.3456,0.612,8.226,2.582,0.0,0.0,6.504,3.348,0.67,3.156,0.27,1,0,2,0,3.128,0.3767,0.0,26,0,0.6649,0.287,3.635,0,10455,0.67,11,1,0,0
372,碎在没有你的深秋.txt,10196,688,14.82,93.752,12.865,53.983,0.3938,29.129,0.6628,0.577,8.631,0.49,0.785,0.196,2.452,2.256,0.0,0.392,0.0167,3,1,17,0,3.433,0.1471,0.0,20,0,0.6115,0.098,1.373,0,10196,1.373,8,0,0,0
373,他把我的暗恋日记当笑话说给闺蜜听，我转身扔掉了七年婚姻.txt,10657,578,18.438,87.208,16.543,96.789,0.2524,13.231,0.417,0.7716,8.82,1.595,4.692,0.188,4.035,3.753,0.094,0.563,0.5033,2,2,28,1,3.134,0.3227,0.0588,15,0,0.6252,0.469,4.786,0,10657,0.657,27,1,0,1
374,他的爱，晚于我的告别.txt,16691,915,18.242,107.088,16.625,79.05,0.2915,17.195,0.4798,0.6874,4.673,0.539,0.12,0.0,3.475,3.894,0.0,1.558,0.15,1,1,23,0,3.319,0.2527,0.1111,5,1,0.5716,0.06,0.419,0,16691,1.078,10,0,0,0
375,他的偏爱，我原路退回.txt,10727,667,16.082,52.064,14.617,51.779,0.3669,22.933,0.4963,0.6312,7.831,0.932,2.424,0.0,2.424,4.941,0.0,0.559,0.28,0,1,23,0,3.682,0.3514,0.0,15,0,0.6012,0.466,1.678,0,10727,1.025,10,0,0,0
376,他的誓言葬在港城.txt,10165,613,16.582,72.419,13.86,42.524,0.3543,17.413,0.5334,0.7113,6.591,4.23,1.476,0.59,3.345,7.87,0.0,2.164,0.49,2,0,2,0,3.64,0.236,0.0465,14,0,0.6667,0.295,3.05,0,10165,0.492,8,0,0,0
377,他的心跳在左，我却永远在右 .txt,8987,523,17.184,96.578,15.989,88.553,0.4871,24.035,0.5143,0.587,8.123,5.675,2.893,0.223,3.338,4.562,0.0,1.335,0.2433,1,2,1,0,3.283,0.5306,0.0196,23,0,0.642,0.334,5.675,9,998.6,1.224,13,0,0,0
378,他赶来时春已晚.txt,10035,576,17.422,85.22,17.754,98.17,0.3534,17.838,0.4531,0.6892,4.584,3.986,7.773,0.0,5.879,3.787,0.399,1.694,0.2533,0,4,25,0,3.209,0.3078,0.1,4,0,0.6263,0.0,3.687,0,10035,0.698,7,0,0,0
379,他们有四把钥匙，刚好锁住一个没有我的家.txt,16907,973,17.376,90.048,15.073,83.729,0.3702,22.417,0.4717,0.6413,7.039,0.237,1.42,0.0,2.957,2.307,0.769,5.382,0.2,1,3,3,0,2.526,0.4441,0.0,5,1,0.5554,0.177,2.011,1,16907.0,0.887,19,1,0,0
380,他让我家疼他的师妹，我爸让他滚出女婿位.txt,26953,1746,15.437,119.302,13.085,62.636,0.3539,22.224,0.6352,0.6592,6.307,0.148,0.668,0.0,2.189,4.081,0.0,0.223,0.2533,1,1,18,1,3.959,0.3294,0.25,20,0,0.4608,0.186,2.115,0,26953,0.334,19,0,0,1
381,他让我适应他们的十年，我便结束了我们的四年.txt,11237,737,15.247,60.24,14.414,54.092,0.3396,21.981,0.5712,0.6649,3.56,1.068,0.0,0.356,3.026,3.026,0.178,1.424,0.23,2,0,1,0,3.48,0.4253,0.0,4,0,0.628,0.089,0.534,0,11237,1.246,21,1,0,0
382,他吻过她的唇，然后再去爱别人.txt,21395,745,28.718,186.951,26.154,175.95,0.2933,12.526,0.1544,0.6537,4.674,2.15,0.0,0.187,3.225,4.44,0.14,0.982,0.23,0,1,2,0,3.061,0.3993,0.0652,16,0,0.5416,0.514,2.057,0,21395,0.701,14,0,0,0
383,他沿着另一个人的轮廓爱我.txt,14539,933,15.583,91.321,14.346,99.223,0.5337,25.38,0.5798,0.6602,8.873,1.032,0.0,0.0,3.095,2.889,0.069,1.238,0.0,0,0,4,0,2.744,0.441,0.1333,7,1,0.5749,0.069,1.169,0,14539,1.582,12,1,0,0
384,他指错方向，我走对路.txt,10565,612,17.263,70.341,15.217,60.87,0.3976,22.433,0.4608,0.6144,6.436,2.65,1.136,0.0,4.354,4.638,0.0,1.136,0.32,0,0,18,1,3.142,0.5762,0.1071,7,0,0.6728,0.189,2.177,0,10565,1.42,10,0,0,0
385,他纵容女下属羞辱妈妈后 .txt,10924,625,17.478,55.242,16.18,56.065,0.453,22.794,0.4432,0.6016,6.408,4.302,2.014,0.0,5.492,4.302,0.458,3.295,0.1433,0,1,1,0,3.003,0.3733,0.0638,5,1,0.6326,0.275,2.929,9,1213.8,0.732,11,0,0,0
386,她的盲盒里，没有我的小满.txt,12446,930,13.383,39.551,12.649,40.868,0.4341,28.684,0.6387,0.6161,6.187,2.892,0.402,0.0,6.187,7.472,0.482,2.732,0.02,0,4,8,0,3.182,0.3344,0.0278,15,0,0.5907,0.161,1.286,0,12446,0.884,12,0,0,0
387,她决定不离婚之后.txt,10481,430,24.374,210.467,22.652,158.186,0.3343,13.358,0.2674,0.6953,6.106,1.813,0.763,0.382,4.484,2.958,0.763,3.339,0.4233,2,3,25,0,2.309,0.2459,0.1579,5,1,0.711,0.191,1.431,0,10481,0.859,8,0,0,0
388,她留在那年雨季.txt,10173,575,17.692,76.272,16.072,63.233,0.3455,17.006,0.44,0.6991,5.898,0.786,2.949,0.0,5.21,4.522,0.0,2.064,0.33,3,4,27,0,2.831,0.2063,0.0,16,0,0.6548,0.197,2.556,0,10173,1.278,7,0,0,0
389,她偷了我700分送校草上清华，可我半年前就保送了啊.txt,17709,1188,14.907,136.556,12.386,101.186,0.0,0.0,0.6313,1.0,9.43,7.623,0.0,6.55,1.92,4.687,0.113,6.437,0.0,3,0,18,0,2.614,0.0,0.0,4,0,0.5646,0.056,4.066,0,17709,0.339,25,1,0,0
390,她用暧昧编织谎言，将我推向远方.txt,22666,1002,22.621,187.597,20.586,174.275,0.3007,11.647,0.3403,0.7475,5.118,3.838,0.0,0.265,3.971,4.632,0.044,1.147,0.3,0,0,2,0,1.107,0.2356,0.0115,5,0,0.5658,0.529,1.632,0,22666,1.103,15,0,0,0
391,台风过境，我心难回.txt,10154,586,17.328,49.043,15.789,53.543,0.4051,23.833,0.4181,0.587,5.614,3.447,5.712,0.0,4.826,3.742,0.0,0.591,0.39,0,1,29,0,1.881,0.3435,0.1429,11,0,0.6233,0.492,2.265,0,10154,0.394,9,0,0,0
392,堂弟用我名订了52桌，我让酒店报警.txt,16706,1133,14.745,165.741,10.765,64.947,0.3976,24.363,0.6893,0.6858,7.063,6.345,12.451,8.5,4.13,2.514,0.599,5.627,0.3233,5,4,9,0,3.262,0.6043,0.3774,8,0,0.5727,0.12,3.532,0,16706,0.658,17,1,0,0
393,天生一根筋的我，婚礼当天让极品亲戚哭着还钱.txt,14023,629,22.294,131.715,22.472,180.799,0.159,7.345,0.2925,0.8362,4.849,4.849,1.141,0.0,6.989,4.065,1.997,6.846,0.09,1,1,22,0,2.617,0.0364,0.0,21,0,0.5973,0.357,3.066,0,14023,0.642,21,1,0,0
394,听到宝宝的求救后我决定先查性别.txt,9154,384,23.839,186.437,21.317,171.26,0.4618,17.588,0.3359,0.5964,4.37,11.143,0.437,0.655,2.622,4.37,0.0,0.765,0.0,0,0,18,0,3.059,0.31,0.0392,24,0,0.6276,0.218,5.571,0,9154,0.328,15,0,0,0
395,听见房子说话后，我反手报警抓人.txt,10276,467,22.004,125.94,17.917,104.28,0.1113,5.644,0.3148,0.8844,3.503,3.211,8.174,2.141,3.99,4.087,0.097,1.557,0.0233,0,1,15,0,1.8,0.0768,0.0,14,0,0.6275,0.0,1.654,0,10276,0.487,15,0,0,0
396,听见狸花猫心声后，我手撕贱女渣男，迈进人生巅峰.txt,10272,600,17.12,116.932,15.142,99.879,0.3844,21.417,0.5383,0.6333,6.912,10.611,1.752,0.0,4.089,6.912,2.044,2.921,0.3833,2,2,3,0,3.047,0.4763,0.2661,3,0,0.6714,0.487,4.089,11,933.8,0.974,23,0,0,0
397,庭前春事晚.txt,9706,389,24.951,212.555,19.209,141.059,0.3253,18.03,0.2468,0.6375,5.254,3.812,5.564,1.03,5.564,4.533,0.0,0.927,0.2067,1,6,16,1,2.844,0.2915,0.0,5,1,0.6125,0.103,1.855,0,9706,0.618,5,0,0,0
398,同事蹭我车还想杀我的狗？次日我一句话群里直接炸锅.txt,36097,3135,11.514,35.691,10.592,34.866,0.4362,35.876,0.7959,0.5882,6.289,0.083,0.0,0.0,2.826,3.38,0.028,1.357,0.19,1,2,20,0,3.011,0.3335,0.0,9,0,0.4511,0.166,1.053,0,36097,0.416,24,1,1,1
399,偷听皇嗣心声后，我成了九千岁.txt,9685,371,26.105,200.17,20.124,137.878,0.2368,9.396,0.2345,0.7547,7.434,5.885,2.065,0.413,3.82,5.885,0.0,1.239,0.0,4,2,15,1,1.89,0.3168,0.0351,21,0,0.6599,0.31,4.13,0,9685,0.62,14,1,0,0
400,偷我孩子、占我身份？重生后首长夫人杀疯了.txt,19067,934,20.414,150.342,18.035,140.733,0.2228,12.849,0.394,0.7463,3.357,3.252,1.259,3.566,4.668,4.038,0.315,0.839,0.1867,0,0,17,1,2.297,0.1011,0.0161,11,0,0.5691,0.21,1.941,0,19067,0.629,20,0,1,0
401,团宠小公主被掉包后，我六爻卦起杀疯了.txt,11619,573,20.277,65.13,18.082,77.724,0.2429,13.34,0.2757,0.7295,1.98,12.307,0.0,0.861,3.271,7.574,0.0,3.098,0.0,0,1,2,0,1.411,0.1864,0.1049,14,0,0.6399,0.086,1.033,0,11619,0.258,18,1,1,0
402,万缕春雪误平生 .txt,10121,590,17.154,45.327,18.755,75.561,0.461,24.998,0.3949,0.5712,5.928,4.249,8.695,0.0,5.731,9.584,0.099,1.186,0.4233,1,1,1,0,3.676,0.385,0.093,22,0,0.6368,0.593,0.494,0,10121,0.395,7,1,0,0
403,往后千山寻一途.txt,10703,656,16.316,44.731,15.565,41.141,0.4582,23.732,0.4817,0.6128,3.924,2.71,0.187,0.0,4.485,3.55,0.093,1.215,0.0133,0,1,3,0,3.354,0.3511,0.0,14,0,0.6233,0.187,6.073,10,1070.3,0.561,7,1,0,0
404,往时情深终落幕.txt,9183,486,18.895,91.032,18.312,101.061,0.3649,14.701,0.4218,0.7243,3.92,1.416,1.96,0.871,3.376,3.92,0.0,1.742,0.1567,0,1,24,0,2.537,0.2459,0.2308,5,1,0.7057,0.762,1.307,0,9183,1.089,7,0,0,0
405,惟愿今生安.txt,25220,1569,16.074,35.109,16.177,43.531,0.2115,7.018,0.4685,0.8878,2.577,2.855,2.776,0.0,1.546,5.155,0.0,0.238,0.23,0,0,11,0,2.914,0.1166,0.0694,3,0,0.5472,0.515,1.864,0,25220,0.872,5,0,0,0
406,为护绿茶假千金，妹控真千金掀桌暴打全家.txt,12730,715,17.804,45.495,15.841,54.867,0.3449,20.267,0.3622,0.6392,5.263,9.191,2.042,0.157,5.813,5.656,0.157,1.571,0.26,0,5,19,0,2.302,0.2364,0.0427,5,1,0.6386,0.55,2.592,0,12730,0.55,19,1,0,1
407,为救她，岳父被罚到破产，六年后她入职合同我直接打回.txt,17249,1301,13.258,46.499,12.328,45.428,0.4676,33.857,0.7056,0.5511,5.739,0.0,0.348,0.0,3.536,2.087,0.174,3.189,0.3267,0,2,38,1,1.913,0.3032,0.0,11,0,0.6116,0.058,0.812,0,17249,0.58,25,1,1,1
408,为了拯救大自然，圣母室友在40度高温天剪了空调线.txt,12072,479,25.203,179.025,20.248,129.19,0.3978,14.414,0.2443,0.6388,4.39,8.698,1.491,0.166,5.633,4.722,1.077,4.639,0.2467,2,4,4,0,1.88,0.2366,0.181,18,0,0.6523,0.414,3.065,10,1207.2,0.911,24,1,0,1
409,为了助理的母亲，老公把我妈赶走.txt,8964,383,23.405,132.852,20.161,126.362,0.4179,19.634,0.2742,0.5796,6.247,0.112,2.9,0.0,2.343,2.9,0.0,0.112,0.22,0,1,23,1,3.737,0.1405,0.0,16,0,0.6018,0.223,0.223,0,8964,1.116,15,0,0,1
410,为显公正妈妈拿我在全校面前杀鸡儆猴后，悔疯了.txt,10234,453,22.592,55.587,22.995,102.309,0.5068,9.674,0.1678,0.8874,6.547,12.019,1.368,2.345,2.247,6.351,0.098,2.931,0.1933,1,0,22,0,2.677,0.5086,0.1138,23,0,0.6529,0.195,3.42,0,10234,0.391,22,0,2,0
411,未婚夫带青梅去看世界杯，让我照顾他们的猫儿子.txt,10008,573,17.466,56.42,17.672,72.765,0.4053,19.884,0.438,0.6527,1.499,7.894,0.0,0.0,4.097,5.795,0.2,5.995,0.3567,0,4,17,1,3.327,0.6124,0.0253,4,0,0.6258,0.1,1.998,0,10008,0.799,22,0,0,0
412,未婚夫拒绝我妈住客房，却让女下属睡主卧.txt,8586,511,16.802,147.106,13.43,69.361,0.4242,27.021,0.593,0.5675,8.968,0.0,0.233,0.466,2.912,1.165,0.116,1.747,0.2867,1,3,18,0,3.261,0.1246,0.0,5,1,0.6374,0.0,1.048,0,8586,0.582,19,0,0,0
413,未婚夫拿我做赌注，我加入赌局他却哭了.txt,11647,707,16.474,71.556,15.03,76.65,0.3591,19.833,0.529,0.6761,7.985,4.636,2.747,1.202,3.091,5.152,0.258,1.889,0.5667,1,1,6,0,2.061,0.1914,0.037,9,0,0.6492,0.429,3.005,0,11647,1.46,18,0,0,0
414,未婚夫让我把三百二十万的婚房借给小青梅拍综艺后，悔疯了.txt,10052,505,19.905,168.344,18.11,121.954,0.3533,11.639,0.4693,0.7703,5.472,1.194,3.382,0.995,4.974,2.885,0.0,1.393,0.38,1,2,2,0,2.915,0.0536,0.0,11,0,0.6537,0.099,2.388,0,10052,1.492,27,1,2,0
415,未婚夫为绿茶误一小时，我转头三十秒就换人嫁.txt,11136,568,19.606,164.182,17.072,99.25,0.4554,20.025,0.4525,0.6109,7.453,6.825,3.951,1.078,6.106,4.759,0.0,2.245,0.41,0,1,3,0,2.856,0.2197,0.0526,12,0,0.6315,0.359,4.041,1,11136.0,0.449,21,1,0,0
416,未婚妻拿我当赌注，我加入赌局她却哭了.txt,11589,706,16.415,71.282,14.994,76.1,0.3611,20.019,0.5283,0.6742,8.025,4.66,2.761,1.208,3.106,5.177,0.259,1.985,0.5633,1,1,20,0,2.036,0.1941,0.037,9,0,0.6479,0.431,2.934,0,11589,1.467,18,0,0,0
417,未见天明，不语繁星.txt,9769,606,16.12,72.67,15.114,87.24,0.3316,20.371,0.5413,0.6766,7.984,3.787,5.937,0.409,2.457,5.323,0.0,1.024,0.4533,2,0,23,0,2.784,0.1484,0.0811,16,0,0.6681,0.102,1.638,0,9769,1.535,9,0,0,0
418,未来的电话告诉我房子墙里有尸体，我杀疯了.txt,10828,553,19.58,104.291,18.063,104.151,0.3166,17.085,0.3924,0.6691,0.277,0.0,3.509,0.0,2.309,2.863,0.369,2.401,0.39,0,1,28,0,2.53,0.1764,0.0,5,1,0.6244,0.185,1.847,0,10828,0.554,20,0,1,0
419,我爸带战友遗孀进门后，我妈手撕娇妻人设.txt,9711,711,13.658,53.142,13.192,53.769,0.3902,25.332,0.6765,0.6554,5.252,1.751,0.824,0.0,1.545,6.282,0.0,1.442,0.4367,1,1,19,1,3.748,0.1204,0.0,14,0,0.6539,0.206,2.06,0,9711,0.515,19,0,0,0
420,我爸教出的高考状元举报他违规补课.txt,9006,248,36.315,362.062,32.73,320.886,0.4289,12.547,0.1492,0.5484,3.886,4.886,0.0,0.0,1.666,3.331,0.0,1.999,0.2067,0,0,28,0,3.042,0.0577,0.0227,29,0,0.5968,0.555,1.332,0,9006,0.333,16,0,0,0
421,我爸借堂哥五万承包食堂，三年后堂哥骂他不要脸.txt,15463,1239,12.48,51.672,12.514,55.29,0.3558,28.261,0.7328,0.6505,6.532,1.875,0.517,0.0,4.721,6.273,1.617,5.497,0.29,0,0,22,0,3.699,0.2237,0.0,4,0,0.5752,0.259,1.229,0,15463,0.647,22,1,0,0
422,我被退回了福利院.txt,13561,482,28.135,339.113,23.557,213.655,0.3512,14.601,0.251,0.6328,3.908,3.097,4.424,1.032,1.917,3.466,0.074,1.475,0.38,1,0,16,1,2.625,0.378,0.0714,11,0,0.6323,0.442,2.507,0,13561,0.147,8,0,0,0
423,我被温柔阿姨收养后，人淡如菊的姐姐不淡了.txt,8362,407,20.545,78.558,23.585,152.09,0.2066,9.448,0.2899,0.8403,2.631,1.196,0.718,0.239,2.87,5.262,0.0,1.315,0.3667,0,0,17,0,3.635,0.0872,0.0,28,0,0.6528,0.718,2.751,0,8362,0.478,20,0,0,0
424,我被选后，姐姐装不下去了.txt,17962,1103,16.285,126.336,14.434,78.915,0.3672,17.648,0.5947,0.7126,5.233,0.891,1.336,0.0,4.51,7.293,0.0,0.056,0.2933,1,3,15,1,2.984,0.3628,0.125,40,0,0.5797,0.0,0.668,0,17962,0.39,12,0,0,0
425,我不被困在等待里.txt,10135,617,16.426,101.324,15.063,97.226,0.2996,15.195,0.5348,0.7553,6.907,1.776,0.0,0.0,3.453,6.019,0.0,1.973,0.07,2,2,1,0,2.704,0.3215,0.0,12,0,0.6374,0.197,2.269,0,10135,2.269,8,0,0,0
426,我的暑假，家人的假期.txt,10233,622,16.452,62.972,15.78,77.788,0.3374,19.838,0.5064,0.6736,7.622,1.564,0.0,0.195,3.42,5.668,0.195,1.173,0.31,1,0,19,0,3.557,0.2376,0.3125,13,0,0.6433,0.88,3.616,0,10233,0.88,10,0,0,0
427,我的网络妈妈才五岁，却每周给我九千零花钱.txt,25891,918,28.204,270.26,20.461,176.139,0.1742,10.66,0.2331,0.7549,6.103,0.811,2.395,2.395,3.746,9.849,0.734,1.931,0.1633,1,1,38,0,3.65,0.1081,0.2381,5,1,0.4929,0.309,2.008,0,25891,0.811,20,1,0,0
428,我的以后，和你无关.txt,10728,569,18.854,129.889,18.188,124.486,0.2946,17.897,0.4446,0.7012,5.966,1.771,3.729,1.864,4.288,4.754,0.0,1.025,0.2667,0,1,16,0,3.393,0.3905,0.3158,9,0,0.5972,0.466,4.474,0,10728,0.559,9,0,0,0
429,我和妹妹的团购券到底被谁用了.txt,10286,550,18.702,64.008,18.411,84.767,0.4438,18.277,0.3673,0.6673,6.222,7.389,0.097,0.194,5.153,3.403,0.389,1.458,0.4067,2,0,20,0,2.78,0.4258,0.0526,4,1,0.6384,0.0,3.208,0,10286,1.069,14,0,0,0
430,我寄养在宠物店的猫，被店员拿去配种直播了.txt,10864,683,15.906,150.264,13.601,71.896,0.4164,21.079,0.6252,0.6676,5.707,0.184,0.0,0.0,2.761,2.853,0.0,4.05,0.1,0,0,20,1,2.347,0.2364,0.0,9,0,0.631,0.0,0.92,0,10864,1.197,20,0,0,0
431,我借5万无人理，两年后，他借55万我拉黑.txt,12793,622,20.568,277.033,13.555,72.19,0.4494,25.092,0.5193,0.5209,8.598,0.235,4.534,1.563,4.221,1.876,2.267,12.116,0.48,2,3,15,1,3.76,0.8109,0.3333,15,0,0.5177,0.156,2.97,0,12793,0.86,20,1,0,0
432,我就当我的爱，是东流水.txt,9518,399,23.855,152.077,23.405,144.103,0.4408,17.02,0.2306,0.594,2.627,0.525,0.525,0.0,2.206,6.199,0.315,1.471,0.2567,0,0,25,0,2.112,0.5047,0.0,5,0,0.6727,0.315,4.097,0,9518,0.315,11,0,0,0
433,我每月工资三万五，却连两块钱的辣条都吃不起.txt,10003,573,17.457,81.505,17.706,90.32,0.2861,13.796,0.459,0.7592,5.998,1.6,2.599,0.0,3.599,3.499,1.0,3.099,0.19,0,0,8,0,3.689,0.3247,0.25,5,1,0.6375,0.7,2.099,0,10003,1.3,21,1,0,0
434,我们山顶不再见.txt,12518,559,22.394,54.375,22.664,83.603,0.3089,14.299,0.1664,0.6798,2.796,0.719,0.0,0.0,3.834,3.834,0.0,1.039,0.3367,2,1,1,0,3.283,0.345,0.2222,13,0,0.6764,0.639,3.275,0,12518,1.039,7,0,0,0
435,我娘调包了我，我杀了她全家.txt,13820,697,19.828,176.716,16.702,78.381,0.4659,23.734,0.4519,0.5681,7.815,3.184,4.486,1.013,4.703,6.512,0.072,1.954,0.2733,2,0,19,1,2.236,0.534,0.25,5,1,0.6279,0.217,2.822,0,13820,0.507,13,0,0,0
436,我拼命奔赴的城市，他们早就带另一个人去了.txt,11179,699,15.993,47.134,14.813,47.767,0.3277,19.769,0.4907,0.6853,6.62,1.342,0.0,0.0,3.668,5.725,0.089,1.61,0.3233,1,0,2,0,2.567,0.0599,0.0,18,0,0.6444,0.358,1.7,0,11179,0.626,20,1,0,0
437,我去挪威后，家里的WiFi密码改成了我的生日.txt,10887,467,23.313,390.758,15.231,104.592,0.2512,14.237,0.4197,0.6938,3.766,0.827,0.0,0.0,4.317,1.745,0.092,2.939,0.0367,0,0,2,0,2.7,0.098,0.0,8,0,0.6172,0.0,1.837,0,10887,1.653,22,0,0,0
438,我是国家二级运动员，就活该替闺蜜挡灾？.txt,11946,506,23.609,252.724,19.556,147.693,0.3045,13.561,0.3557,0.7134,4.939,3.767,0.502,0.0,5.776,4.102,0.753,2.679,0.0633,0,3,26,0,3.491,0.1615,0.0,3,1,0.5871,0.0,0.921,0,11946,0.586,19,1,0,1
439,我素衣过泥潭，清风送我踏千帆.txt,10049,436,23.048,81.917,21.183,73.783,0.3326,14.728,0.2018,0.6606,2.587,3.98,0.0,0.0,4.976,4.478,1.393,4.876,0.17,0,4,3,0,3.971,0.2219,0.025,14,0,0.601,0.398,3.284,10,1004.9,0.697,14,1,0,0
440,我下飞机你不愿来接我，那你就滚出我的人生吧.txt,11002,455,24.18,128.568,21.23,114.868,0.3169,12.816,0.2088,0.6901,1.454,0.0,0.0,0.0,4.999,4.726,0.091,2.181,0.3433,2,4,1,0,4.227,0.0626,0.0,3,0,0.5679,0.091,2.272,0,11002,1.909,21,0,0,0
441,我养的保镖扇我耳光，妻子在旁边鼓掌.txt,16340,1088,15.018,140.957,11.637,54.788,0.4508,27.234,0.6801,0.6425,8.813,2.02,3.672,3.06,4.223,3.978,1.163,4.896,0.0233,1,3,29,1,3.556,0.6665,0.0303,41,0,0.5307,0.306,0.673,0,16340,1.163,17,0,0,1
442,我用一亿买断过往后，霸总他却悔疯了.txt,10669,501,21.295,129.082,19.724,110.542,0.4514,18.277,0.3473,0.6128,4.312,3.374,2.812,1.687,5.249,6.936,0.0,1.218,0.3067,1,4,28,0,3.112,0.4789,0.3056,38,0,0.6295,0.375,2.531,0,10669,0.75,17,1,2,0
443,我月入三万五，却连两块钱的辣条自由都没有.txt,10129,584,17.344,86.051,17.908,90.857,0.283,13.624,0.464,0.7637,5.924,1.58,2.567,0.0,3.455,3.061,0.987,3.258,0.19,0,0,1,0,3.633,0.3258,0.25,5,1,0.637,0.691,2.073,0,10129,1.283,20,1,0,0
444,我在班里透明三年，校霸管我同桌叫嫂子.txt,20013,1596,12.539,62.351,10.464,48.923,0.283,24.934,0.7137,0.7024,7.195,1.349,8.095,10.493,3.048,3.198,0.35,1.249,0.0533,3,1,14,0,2.623,0.3477,0.037,14,0,0.5515,0.1,1.799,1,20013.0,0.65,18,1,0,0
445,我在夏天等雪，来覆盖七年回忆.txt,12078,589,20.506,97.72,18.575,101.233,0.302,16.973,0.3531,0.6961,7.286,0.166,0.0,0.0,3.229,3.891,0.083,0.331,0.2833,2,0,24,0,2.964,0.293,0.0,26,0,0.6637,0.083,2.153,0,12078,1.159,14,1,0,0
446,我在自家公司装穷，对面的姑娘也在装.txt,19902,1303,15.274,124.629,12.823,89.721,0.2767,22.36,0.6278,0.6723,9.949,1.156,3.819,6.733,2.563,2.814,0.553,3.567,0.0,0,1,21,1,2.723,0.4661,0.1304,39,0,0.5421,0.201,2.11,0,19902,0.553,17,0,0,0
447,我终于上了家里的账本：担保人.txt,12283,776,15.829,137.32,11.376,51.563,0.3772,20.353,0.6082,0.6959,5.862,2.035,2.931,7.164,3.582,2.035,1.14,6.106,0.0267,0,0,14,1,4.29,0.3792,0.0,5,1,0.6049,0.081,1.221,0,12283,0.896,14,0,0,0
448,乌鸦嘴姑奶奶一开口，反派全部跪着走.txt,11070,633,17.488,68.727,20.97,200.36,0.3482,13.098,0.3997,0.9021,0.0,7.859,7.227,0.361,4.607,6.414,0.0,1.716,0.15,0,1,3,0,2.602,0.2195,0.046,11,0,0.659,0.181,1.445,9,1230.0,0.452,17,1,0,0
449,无论是空调还是爱，他们都没想要分给我.txt,10759,390,27.587,228.591,21.475,153.743,0.3758,15.708,0.2205,0.6154,8.923,3.346,2.788,0.186,5.949,4.275,0.279,2.788,0.1333,1,2,3,0,2.956,0.4052,0.0556,3,1,0.6474,0.465,3.532,9,1195.4,1.58,18,0,0,0
450,无情道大成后，我亲手劈了恋爱脑徒弟.txt,10335,493,20.963,98.774,19.907,202.377,0.2975,14.127,0.3043,0.7241,5.225,8.418,8.128,1.742,3.87,6.193,0.0,1.548,0.39,0,0,12,1,1.955,0.3985,0.1149,9,0,0.6568,0.484,2.129,0,10335,0.581,17,0,0,0
451,无人共我忆从前.txt,24362,958,25.43,291.986,17.605,87.82,0.4966,19.826,0.2704,0.5094,12.396,9.195,2.134,0.739,3.653,3.941,0.205,0.534,0.1733,1,3,27,0,2.18,0.5761,0.058,10,0,0.4761,0.123,4.597,0,24362,0.616,7,0,0,0
452,无人拾我落花，我自去拥万里山河.txt,10291,577,17.835,71.372,17.511,71.786,0.4129,19.434,0.3951,0.6534,5.344,5.053,0.0,0.583,2.526,4.178,0.0,1.36,0.46,0,1,1,0,2.186,0.3718,0.25,5,1,0.7406,0.292,0.875,0,10291,0.486,15,1,0,0
453,五个人的家，我排第六名.txt,10830,557,19.443,90.232,18.134,92.89,0.3353,18.467,0.3878,0.6481,6.002,1.016,0.0,0.185,4.247,2.862,0.646,2.493,0.1367,0,0,2,0,3.223,0.3767,0.0909,20,0,0.6839,0.092,2.862,0,10830,1.293,11,1,0,0
454,雾散时，我们到此为止.txt,10217,447,22.857,174.655,20.668,150.532,0.3742,14.388,0.2975,0.6734,5.187,6.362,2.447,0.0,3.719,3.132,0.0,1.37,0.1667,0,2,3,0,3.416,0.4031,0.2462,19,0,0.6853,0.881,1.175,9,1135.2,0.783,10,0,0,0
455,瞎眼三年，我亲眼看他跟初恋领证！.txt,24452,1647,14.846,109.092,11.789,47.369,0.4893,28.709,0.6697,0.5792,10.02,1.677,0.0,0.0,4.335,4.989,0.0,0.164,0.51,3,1,16,0,1.403,0.3847,0.0244,16,0,0.5064,0.123,1.186,0,24452,0.45,16,1,0,0
456,夏夜星空皆璀璨.txt,20292,661,30.699,360.737,30.034,439.242,0.3498,10.398,0.2315,0.6929,4.682,6.801,0.0,1.183,3.696,5.618,0.197,1.528,0.4533,0,1,1,0,1.04,0.2478,0.0797,21,0,0.5842,0.542,2.661,0,20292,0.887,7,0,0,0
457,嫌我妈是笨蛋美人，离婚时她抠走三层地砖！.txt,24446,1174,20.823,168.5,16.525,71.951,0.4869,28.839,0.4225,0.4182,8.672,1.023,0.0,0.0,3.027,5.645,0.082,0.695,0.2367,2,1,23,0,3.939,0.4679,0.0,11,0,0.5069,0.041,0.941,0,24446,0.614,20,1,0,0
458,嫌我是穷酸设计师？我曝光首富千金身份，渣男悔疯了.txt,27965,1644,17.01,81.738,7.207,27.076,0.0,0.0,0.4854,1.0,8.761,1.645,0.286,0.0,2.003,2.181,0.25,61.577,0.0,5,1,32,0,2.16,0.0,0.0435,17,0,0.5253,0.036,1.144,0,27965,0.751,24,1,2,1
459,相思入骨，不负旧约.txt,31266,1402,22.301,129.37,18.118,98.955,0.3219,18.742,0.2882,0.6113,7.42,0.64,1.791,0.768,3.614,5.373,0.16,1.759,0.5267,3,0,3,0,1.139,0.3678,0.2,7,1,0.4505,0.16,1.119,1,31266.0,0.896,9,0,0,0
460,香樟树被砍掉后，我换了个家.txt,10337,575,17.977,58.039,16.612,63.324,0.3529,19.445,0.4226,0.6539,7.255,3.483,0.0,0.0,3.676,3.289,0.387,2.225,0.3033,1,2,2,0,3.666,0.3017,0.0556,13,0,0.6265,0.29,3.966,0,10337,0.871,13,0,0,0
461,小白花资助生偷我女儿身份嫁豪门，我让她社死婚礼现场.txt,11823,886,13.344,58.005,12.602,46.196,0.4622,29.096,0.6964,0.6129,6.005,1.269,0.677,0.169,3.806,4.906,0.0,1.269,0.4033,0,0,19,1,2.258,0.3533,0.0,9,0,0.6047,0.0,1.438,0,11823,0.254,25,0,0,0
462,小姑子得白血病后，选择保胎的我见死不救.txt,11108,485,22.903,258.822,9.517,44.72,0.0113,0.9,0.3443,0.9794,4.861,1.35,4.141,6.842,6.752,2.431,0.0,2.161,0.2833,0,2,29,0,3.025,0.0,0.0,7,0,0.57,0.0,1.62,0,11108,0.54,19,0,0,1
463,校草在万人大群造谣我陪睡保研，我重生后让他悔疯了.txt,8643,547,15.801,77.688,14.108,71.404,0.4126,25.107,0.5905,0.6033,6.016,1.041,0.463,0.463,2.777,3.471,0.0,2.545,0.1133,1,1,24,0,3.193,0.1977,0.0,5,1,0.6943,0.231,1.736,0,8643,0.579,24,1,2,0
464,校花闺蜜装清高拒绝保送，我拿下名额后她悔疯了.txt,9587,684,14.016,63.685,13.72,66.662,0.491,30.667,0.6608,0.5702,8.24,0.417,0.834,0.0,1.773,4.381,0.0,0.939,0.37,1,0,16,1,2.837,0.2638,0.25,9,0,0.5772,0.313,1.982,0,9587,0.834,22,0,2,1
465,校庆班主任让女儿演“垫脚石”被全班踩，八百万赞助我全捐隔壁txt.txt,10838,504,21.504,107.806,17.602,107.303,0.4557,20.022,0.2956,0.5714,6.551,17.623,2.584,0.185,4.337,6.274,0.461,3.229,0.36,3,2,3,0,1.947,0.1633,0.0262,5,1,0.6251,0.369,3.691,10,1083.8,0.369,32,1,0,0
466,协议到期时，她放弃了.txt,20348,808,25.183,218.028,25.355,253.038,0.3006,11.107,0.2785,0.7265,4.718,7.224,0.0,1.179,3.637,5.455,0.098,1.425,0.0267,1,2,1,0,0.963,0.2206,0.0544,14,0,0.5797,0.491,1.966,0,20348,0.688,10,0,0,0
467,新婚次日被扇耳光，我反手一锅热汤扣头.txt,31602,2690,11.748,36.804,10.849,37.137,0.4131,32.814,0.7799,0.6145,7.025,2.848,0.0,0.0,5.095,3.987,0.063,3.196,0.1367,1,3,18,0,3.221,0.1341,0.0,14,0,0.4758,0.127,0.506,0,31602,0.886,18,1,0,0
468,新婚当天，丈夫把我的工资卡给了大嫂！.txt,13856,764,18.136,83.874,23.611,168.785,0.6781,19.414,0.4424,0.6479,0.505,2.598,0.0,0.0,6.928,3.536,1.299,3.753,0.4833,0,2,16,0,4.439,0.4574,0.0,15,0,0.4918,0.505,7.073,0,13856,0.361,18,0,0,0
469,新家户型图上没有我的名字，我转头去了大西北.txt,13497,611,22.09,194.45,16.486,99.646,0.2685,13.929,0.3944,0.7152,3.853,1.26,0.0,1.926,2.89,2.815,0.222,3.186,0.29,1,0,2,0,1.534,0.6743,0.0,7,1,0.6132,0.148,1.185,0,13497,1.26,21,0,0,0
470,新家没有我的位置后，我连夜搬走了.txt,10928,681,16.047,94.741,13.572,57.431,0.3461,22.145,0.5962,0.6535,9.883,0.732,0.0,0.366,2.654,3.935,0.183,1.922,0.27,1,0,4,0,2.974,0.2278,0.125,16,0,0.6151,0.0,1.556,0,10928,1.281,16,0,0,0
471,新郎为等伴娘补妆误了吉时，我不嫁了.txt,14659,1126,13.019,43.356,14.599,60.809,0.3997,29.743,0.6927,0.6128,7.299,2.388,1.501,0.0,2.524,7.231,0.0,2.66,0.43,0,0,13,0,3.622,0.2326,0.0,3,1,0.5529,0.273,1.842,0,14659,0.478,17,0,0,0
472,新娘逃婚那天，我叫前女友来吃了席.txt,14830,1102,13.457,99.695,9.858,48.915,0.3781,28.523,0.706,0.6525,10.384,5.26,7.013,11.328,2.765,2.832,0.067,3.641,0.2233,4,0,3,0,2.428,0.3014,0.0256,18,0,0.5689,0.0,3.641,0,14830,0.337,16,0,0,0
473,星沉海底夜无澜.txt,10412,442,23.557,124.084,23.938,130.84,0.3357,11.429,0.2262,0.7308,3.938,5.57,1.729,0.0,3.65,7.203,0.096,0.672,0.2467,1,0,15,0,3.534,0.072,0.0172,4,1,0.6289,0.288,1.441,0,10412,0.48,7,0,0,0
474,烟花易冷，故梦难寻.txt,10283,558,18.428,142.654,16.157,93.35,0.3935,18.574,0.4946,0.6595,5.349,3.404,4.668,1.361,4.571,6.516,0.194,1.75,0.1133,1,0,1,0,2.635,0.3104,0.0,10,0,0.6396,0.194,1.07,9,1142.6,0.486,9,0,0,0
475,砚川落雪，不照晚星.txt,10121,661,15.312,68.429,12.776,54.261,0.4233,26.776,0.6067,0.6112,6.521,1.581,4.347,0.0,4.347,4.94,0.0,0.889,0.32,0,1,16,0,3.824,0.3021,0.0,7,0,0.5915,0.198,1.877,0,10121,0.79,9,0,0,0
476,药王谷出了个天生恶骨.txt,12174,701,17.367,162.928,14.547,92.074,0.2468,18.4,0.5792,0.7033,6.407,1.561,5.093,0.0,2.382,8.461,0.0,0.0,0.26,0,0,11,1,2.842,0.0977,0.0526,6,0,0.6383,0.246,0.493,0,12174,0.657,10,0,0,0
477,爷爷鱼竿被奶奶折断，次日赴姑姑家从此不回.txt,12934,641,20.178,164.156,15.628,85.796,0.3667,20.025,0.4259,0.6552,4.33,7.577,4.794,0.0,4.098,4.562,0.232,2.629,0.18,0,0,16,1,2.103,0.2658,0.0204,21,0,0.6139,0.696,3.402,0,12934,0.541,20,0,0,0
478,一巴掌十块生活费，十年后我妈悔疯了.txt,14412,956,15.075,100.381,13.514,53.303,0.4613,24.077,0.6391,0.637,9.645,1.665,0.139,0.0,5.343,4.51,1.943,4.857,0.46,0,2,22,1,2.255,0.2531,0.0833,4,1,0.613,0.208,2.22,0,14412,0.347,17,1,2,0
479,一从别后尽天涯.txt,10137,445,22.78,107.327,27.006,169.337,0.3381,13.219,0.2674,0.7011,5.524,2.664,0.0,0.0,3.551,3.551,0.099,0.493,0.28,1,0,7,0,3.65,0.2959,0.0741,34,0,0.6252,0.691,4.735,8,1267.1,0.395,7,1,0,0
480,一分为二的瑕疵爱情.txt,8989,482,18.649,105.995,18.688,115.41,0.3146,15.908,0.4357,0.7033,7.12,2.002,5.562,0.0,6.119,5.117,0.111,1.669,0.3267,0,0,1,0,3.727,0.0756,0.0,16,0,0.612,0.556,3.004,9,998.8,1.112,9,1,0,0
481,一府避宁声.txt,10672,754,14.154,82.87,12.303,47.007,0.3338,21.177,0.6883,0.7069,5.997,0.375,0.75,0.0,2.999,3.654,0.0,0.094,0.2567,1,0,10,0,2.605,0.2266,0.0,5,1,0.6087,0.281,0.843,0,10672,0.281,5,1,0,0
482,一个人的旅途，云月共赏.txt,15180,921,16.482,54.84,14.681,58.23,0.3646,19.236,0.4919,0.6873,6.061,4.941,0.0,0.395,5.995,4.348,1.252,2.964,0.3433,1,0,3,0,2.747,0.168,0.12,5,1,0.6182,0.461,3.689,1,15180.0,0.856,11,1,0,0
483,一盒晕车药让我放弃了他们.txt,9209,531,17.343,81.766,15.837,82.348,0.3688,19.546,0.4859,0.661,7.601,0.869,0.0,0.652,4.235,6.95,0.0,1.303,0.16,0,0,2,0,3.866,0.3474,0.0,17,0,0.6366,0.326,3.258,0,9209,0.434,12,1,0,0
484,一家五口分彩票，我分到一沓欠条.txt,10108,670,15.087,69.41,12.605,45.494,0.4802,25.326,0.606,0.6179,8.112,5.144,5.342,0.0,3.759,3.858,2.77,5.144,0.4933,2,0,20,0,4.185,0.4214,0.0577,15,0,0.6243,0.099,2.473,0,10108,0.594,15,1,0,0
485,一开灯，邻居就会死.txt,9300,459,20.261,122.26,18.737,117.442,0.5076,21.505,0.3813,0.5643,4.839,6.989,1.505,0.43,3.871,4.624,0.0,1.613,0.12,1,2,28,0,3.258,0.5598,0.0154,5,1,0.6489,0.323,2.581,0,9300,1.075,9,1,0,0
486,一筐青梨，一场旧梦.txt,11371,716,15.881,71.228,15.852,71.539,0.4251,22.953,0.5573,0.6383,7.563,2.023,1.935,0.0,3.43,5.892,0.088,1.935,0.27,0,0,1,0,2.366,0.4033,0.0,20,0,0.5973,0.44,1.847,10,1137.1,1.055,9,1,0,0
487,一千三百公里，是我离家最近的距离.txt,12276,547,22.442,224.81,17.374,127.426,0.3353,14.989,0.3766,0.6965,6.191,3.421,0.0,0.0,3.014,3.014,1.059,4.073,0.2633,1,1,2,0,1.988,0.5122,0.0,5,0,0.598,0.326,3.177,0,12276,1.303,16,1,0,0
488,一心只想养废继子，他怎么就状元了.txt,47495,3980,11.933,44.605,10.825,42.243,0.3948,33.477,0.7565,0.6005,6.885,1.621,0.674,0.0,2.232,6.253,0.211,1.263,0.2167,2,2,27,1,2.383,0.2876,0.1169,16,0,0.454,0.126,0.926,0,47495,0.295,16,1,0,1
489,衣柜深处无星光.txt,13611,559,24.349,217.326,15.147,83.777,0.3349,14.18,0.3005,0.6887,4.555,4.335,0.0,0.147,5.069,4.555,0.22,1.322,0.0,0,0,2,0,3.189,0.2986,0.2034,31,0,0.5669,0.22,0.294,0,13611,1.176,7,0,0,0
490,遗产780万我跟妈说18万，次日娘家带着麻袋上门了.txt,17137,1181,14.511,83.114,12.85,63.663,0.395,21.882,0.6571,0.6833,6.302,3.91,0.584,0.0,6.302,4.843,0.35,4.727,0.1767,1,0,23,0,2.853,0.1966,0.0149,4,1,0.5901,0.175,1.867,0,17137,0.292,25,1,0,0
491,因为一碗小炒肉，我收回公司踹了丈夫.txt,10039,602,16.676,92.746,14.913,67.306,0.4135,20.918,0.5299,0.6528,9.065,5.578,1.096,0.0,3.287,6.475,0.0,1.693,0.32,4,1,5,0,2.899,0.2512,0.0357,19,0,0.6453,0.199,0.996,6,1673.2,0.199,17,1,0,0
492,引魂人说孩子带煞，第五个我不打了.txt,10455,633,16.517,101.634,14.369,79.524,0.3951,23.051,0.5355,0.6367,6.504,2.582,0.0,10.139,4.304,5.548,0.0,2.009,0.43,0,3,3,0,2.257,0.2486,0.0,7,0,0.598,0.096,0.861,10,1045.5,0.478,16,1,0,0
493,樱谢人离，辞守空枝.txt,10034,539,18.616,58.504,16.986,61.443,0.3463,16.245,0.3599,0.6976,5.581,3.089,3.189,0.0,4.684,6.378,0.199,1.395,0.22,2,2,1,0,3.349,0.4382,0.0,22,0,0.654,0.897,0.997,0,10034,0.498,9,0,0,0
494,永生花谢时，你与我别离.txt,10140,2,5070.0,31315216.0,68.5,7776.5,0.0,0.0,0.5,1.0,4.734,6.016,10.454,0.0,3.156,4.438,0.099,0.986,0.0,3,3,1,0,2.091,0.0,0.1803,10139,0,0.6121,0.394,3.945,0,10140,0.69,11,0,0,0
495,幼儿园女老师说我哥侵犯她，我靠洋娃娃帮他反杀.txt,9642,516,18.686,65.432,17.951,98.99,0.3143,14.727,0.3721,0.7248,5.393,7.571,6.015,0.207,2.385,5.704,0.207,1.348,0.0767,1,0,37,0,2.707,0.0881,0.0411,5,1,0.6138,0.311,3.941,0,9642,0.415,22,0,0,0
496,余烬不覆雪.txt,10937,680,16.084,76.359,14.131,60.316,0.4124,22.31,0.5412,0.6426,5.486,4.663,0.0,0.0,4.297,2.926,0.64,3.2,0.1933,0,3,4,0,2.999,0.2572,0.0392,7,1,0.6469,0.274,1.554,0,10937,0.731,5,0,0,0
497,愚人节敢不敢陪你的青梅假结婚.txt,10916,442,24.697,212.219,16.974,99.34,0.4114,20.062,0.31,0.5837,5.313,3.39,1.283,0.0,5.038,3.298,0.0,0.092,0.4267,3,1,14,0,2.528,0.2562,0.1622,5,1,0.6697,0.458,2.931,0,10916,0.458,14,0,0,0
498,雨停了，就别再找我.txt,10377,567,18.302,66.81,16.283,59.933,0.2635,14.166,0.3986,0.7443,4.722,6.457,0.096,0.193,5.204,5.878,0.0,2.024,0.2067,2,1,2,0,3.527,0.2967,0.2239,25,0,0.6417,0.193,2.024,0,10377,1.06,9,0,0,0
499,玉兔偷投团宠公主胎被调包后，嫦娥下凡杀疯了.txt,12077,694,17.402,81.088,16.584,85.204,0.2158,14.739,0.4611,0.7435,3.064,1.987,0.0,0.331,2.484,4.637,0.083,2.484,0.13,0,0,2,0,2.004,0.2264,0.1667,21,0,0.6574,0.166,0.166,0,12077,0.745,21,0,1,0
500,预知人生后，我暴富封神.txt,11851,584,20.293,113.19,20.989,139.581,0.2685,10.97,0.3836,0.7808,4.472,0.759,0.0,2.194,2.531,4.725,0.422,3.628,0.55,0,1,4,0,3.19,0.0489,0.2222,17,0,0.6484,0.338,2.869,0,11851,1.013,11,0,0,0
501,遇上倔驴贫困生后，吃尽时代红利的行政老师崩溃了.txt,8617,375,22.979,154.618,19.183,118.383,0.3566,11.605,0.2853,0.7333,6.615,6.499,0.0,0.0,4.526,3.598,0.812,3.249,0.1767,1,1,2,0,2.878,0.2796,0.1786,7,1,0.6824,0.696,4.874,0,8617,0.928,23,0,0,0
502,誉王选妃前夜，我做了个可怕的梦.txt,10280,571,18.004,61.538,17.488,67.749,0.0,0.0,0.4011,1.0,8.074,4.475,0.0,0.0,2.529,6.712,0.0,0.973,0.0,0,1,1,0,2.121,0.0,0.0435,4,1,0.6436,0.681,4.864,0,10280,0.486,15,0,0,0
503,远山花开，玫瑰不再来.txt,9021,547,16.492,117.775,17.032,142.063,0.3651,15.298,0.5686,0.7495,4.767,5.543,1.33,1.109,3.436,4.767,0.222,0.776,0.4167,2,0,14,0,3.259,0.1991,0.06,5,1,0.6781,0.333,3.88,0,9021,0.887,10,0,0,0
504,月色不渡旧人.txt,12130,1013,11.974,68.11,10.616,43.721,0.4195,29.431,0.7631,0.6476,8.079,0.247,0.66,0.0,3.215,4.204,0.0,0.989,0.2067,0,1,5,0,3.735,0.1987,0.0,5,1,0.5899,0.0,1.484,0,12130,0.907,6,0,0,0
505,月色将尽，不候故人.txt,11069,548,20.199,148.678,17.148,70.568,0.3872,20.146,0.4288,0.5931,7.137,0.181,0.0,0.0,3.072,2.801,0.09,0.723,0.1667,0,1,19,0,3.225,0.2683,0.0,5,1,0.6395,0.271,0.994,0,11069,1.445,9,0,0,0
506,月子期每天给我花30？复工后我彻底清醒 .txt,29177,2193,13.305,49.81,12.286,45.607,0.3233,22.655,0.6881,0.6986,5.998,0.48,0.0,0.0,3.839,3.633,0.548,3.53,0.0,1,2,23,0,3.331,0.1631,0.0,23,0,0.477,0.0,0.343,0,29177,0.788,19,1,0,0
507,早知绊人心，何不莫相识.txt,10147,555,18.283,100.852,15.577,75.809,0.3234,14.98,0.4324,0.7297,8.081,5.815,0.394,0.0,4.632,7.49,0.296,1.971,0.1633,1,0,25,0,4.06,0.398,0.0,5,1,0.6301,0.69,1.38,0,10147,0.69,11,0,0,0
508,渣爹和小白花保姆说我是野种，我靠弹幕救母反杀.txt,13030,1116,11.676,42.941,10.829,37.951,0.3102,20.645,0.7885,0.759,4.835,4.298,0.921,0.153,3.991,5.602,0.077,1.919,0.1833,1,2,19,0,2.402,0.0959,0.0,8,0,0.6103,0.0,1.151,0,13030,0.384,22,0,0,1
509,丈夫和闺蜜当我面苟且，我一通电话他们都悔疯了.txt,10000,528,18.939,46.765,17.466,64.5,0.4023,14.4,0.3428,0.7273,8.2,4.0,2.0,0.0,3.1,5.5,0.1,1.2,0.3633,2,4,24,1,4.16,0.315,0.125,20,0,0.6206,0.4,6.5,0,10000,0.8,22,1,2,1
510,丈夫说他重生了要离婚，我立马就拿钱带球跑.txt,14743,711,20.736,61.432,17.799,76.007,0.364,17.161,0.2461,0.6456,4.68,9.903,2.035,0.0,5.562,6.647,0.407,3.527,0.5533,2,3,22,0,2.333,0.2224,0.0479,12,0,0.6423,0.407,3.798,0,14743,1.221,20,0,0,0
511,这世间很多人的相遇，都太多余了.txt,10675,322,33.152,372.665,23.255,156.576,0.2541,7.4,0.1398,0.7888,3.091,5.621,0.937,0.0,5.152,4.028,0.094,0.656,0.0467,0,0,32,1,2.005,0.2292,0.0667,5,1,0.6436,0.281,1.311,0,10675,1.218,15,0,0,0
512,这一次，我抽中了离开你.txt,11704,787,14.872,65.276,13.274,53.353,0.3859,26.914,0.629,0.5997,9.569,0.0,0.0,0.0,3.93,3.93,0.0,1.367,0.2967,2,8,2,0,3.982,0.4022,0.0,16,0,0.5729,0.171,1.282,0,11704,0.769,11,1,0,0
513,这一站，我先下了.txt,9198,593,15.511,69.457,17.247,99.124,0.3008,15.547,0.5632,0.7605,6.523,4.131,2.392,1.087,5.001,3.914,0.217,0.652,0.1367,0,1,14,0,2.925,0.1728,0.1053,3,0,0.6492,0.435,5.98,0,9198,0.326,8,1,0,0
514,贞洁鉴定师造谣式害人，我让她蹲大牢.txt,10603,722,14.686,106.346,13.097,53.992,0.4251,21.503,0.6884,0.6884,7.262,2.264,0.377,0.189,3.395,6.602,0.0,1.415,0.1233,0,0,36,0,2.16,0.2328,0.0,5,1,0.6212,0.283,0.849,0,10603,0.283,17,0,0,0
515,真千金是社畜，爱不爱的，给钱就行.txt,9823,353,27.827,356.46,22.76,233.979,0.4179,14.965,0.2691,0.6261,7.33,1.527,2.24,0.204,4.886,4.886,0.102,1.222,0.4033,3,0,33,0,3.359,0.3652,0.0667,3,0,0.6142,0.204,3.868,0,9823,0.713,16,1,0,1
516,真千金是影后，演哭了病弱假千金.txt,12093,621,19.473,188.121,16.529,95.038,0.383,15.712,0.4911,0.6957,4.796,1.406,0.0,0.331,1.737,8.683,0.0,0.992,0.3567,1,0,2,0,2.927,0.4327,0.4706,9,0,0.6184,0.413,1.158,0,12093,0.165,15,1,0,1
517,真少爷有被亏欠感，全家悔疯了.txt,9687,479,20.223,138.812,19.739,138.758,0.3234,11.355,0.4092,0.7704,5.574,3.303,0.0,0.0,5.471,6.71,0.103,0.929,0.05,1,1,16,0,3.768,0.2466,0.1562,6,0,0.6439,0.31,2.89,0,9687,0.206,14,0,2,0
518,侄女借口庆功拐卖我女儿，我靠预知短信端了黑窝.txt,10078,490,20.567,74.535,17.93,79.745,0.3042,17.464,0.3,0.6735,3.473,6.946,5.16,0.794,3.473,5.557,0.0,2.183,0.33,0,0,27,0,2.173,0.2649,0.0571,25,0,0.6585,0.198,3.175,0,10078,0.496,22,0,0,0
519,终是冬雪负归人.txt,10042,692,14.512,96.802,12.725,53.209,0.3712,24.198,0.6734,0.6488,8.962,0.996,1.792,0.0,3.983,6.572,0.0,0.299,0.3733,3,0,26,0,4.113,0.2773,0.0,5,0,0.6156,0.398,1.593,0,10042,0.797,7,0,0,0
520,终是难以同舟渡.txt,9748,463,21.054,99.921,18.692,110.477,0.3245,13.131,0.2937,0.7235,8.104,3.796,5.95,0.41,4.822,6.258,0.0,1.026,0.4767,4,1,17,0,2.729,0.241,0.027,10,0,0.6708,0.41,2.257,7,1392.6,0.718,7,0,0,0
521,重返五岁，我阻止了带走真千金的舞蹈老师.txt,13224,1086,12.177,41.223,12.554,53.57,0.3241,26.694,0.7532,0.675,5.218,2.874,1.512,0.0,3.705,9.604,0.0,1.588,0.12,0,2,14,0,2.881,0.2139,0.0789,5,1,0.5778,0.076,1.361,0,13224,0.151,19,1,0,1
522,重回六岁那年，我偏要逆着弹幕拯救弟弟.txt,11774,1069,11.014,35.617,10.273,34.279,0.3304,27.094,0.8195,0.7016,6.795,7.474,0.849,0.0,6.285,5.945,0.0,1.019,0.1167,1,2,19,0,3.032,0.3056,0.0795,9,0,0.5826,0.085,1.359,0,11774,0.085,18,1,0,0
523,重回权臣落魄时.txt,10127,437,23.174,132.598,21.891,116.242,0.4415,11.257,0.2769,0.7414,4.049,1.481,1.975,0.0,2.567,5.925,0.0,0.099,0.1267,1,2,7,0,3.515,0.5148,0.0,22,0,0.6876,0.395,1.185,0,10127,0.691,7,0,0,0
524,重回三岁，我抓住了偷走弟弟的坏人.txt,12953,1170,11.071,43.828,10.617,49.473,0.3757,31.267,0.8607,0.6538,5.404,3.088,3.706,0.154,2.856,9.419,0.0,1.081,0.04,0,1,41,0,2.779,0.2824,0.025,4,0,0.5673,0.154,3.32,0,12953,0.54,16,1,0,0
525,重回十二岁，我保护好了妹妹.txt,11274,1017,11.086,38.973,10.801,44.955,0.2801,26.61,0.8132,0.707,4.878,5.056,0.71,0.177,6.386,7.007,0.0,0.887,0.2233,1,0,22,0,3.122,0.2438,0.0351,14,0,0.6331,0.0,1.33,0,11274,0.976,13,1,0,0
526,重回四岁那天，我救回了被小姨拐走的妹妹.txt,9352,828,11.295,43.143,9.731,32.532,0.3065,25.128,0.8128,0.7174,8.127,8.875,1.069,0.0,5.453,6.737,0.428,2.566,0.2533,1,2,10,0,3.775,0.2532,0.0,13,0,0.5761,0.0,2.246,0,9352,0.214,19,1,0,0
527,重来一次我同意离婚，可他怎么哭了.txt,13340,712,18.736,98.175,18.319,99.974,0.2905,17.091,0.4143,0.6868,6.297,0.15,1.499,0.0,4.123,4.948,0.0,1.724,0.3367,1,1,16,0,3.568,0.2219,0.0,11,0,0.5599,0.3,1.649,0,13340,0.9,16,1,0,0
528,重生孤儿院后，我牵起了另一对夫妻的手.txt,8673,446,19.446,221.785,16.518,121.46,0.2907,22.368,0.4709,0.6233,4.151,2.767,4.151,1.384,3.228,2.883,0.115,2.075,0.1767,1,2,12,0,3.136,0.3353,0.2083,7,0,0.6275,0.231,1.499,0,8673,0.692,18,1,0,0
529,重生后，我当着全校面撕了校草的深情剧本.txt,9705,664,14.616,68.749,14.723,72.129,0.3722,24.008,0.625,0.6551,8.758,0.927,1.03,0.206,2.679,4.328,0.0,0.927,0.18,3,0,25,0,2.937,0.2297,0.0,5,1,0.644,0.103,1.03,0,9705,0.824,19,0,0,0
530,重生后，我揪出谋害嫡妹的犯人.txt,9331,524,17.807,86.736,17.466,119.495,0.2591,13.503,0.4256,0.7595,4.608,11.789,4.501,0.429,5.466,7.823,0.107,1.179,0.1867,2,0,18,0,2.111,0.0278,0.0,24,0,0.7114,0.107,3.322,0,9331,0.857,14,0,0,0
531,重生后，我抢回金锁去认亲.txt,10139,527,19.239,105.802,20.459,125.798,0.4398,19.43,0.408,0.6262,3.452,7.89,6.312,0.0,6.115,3.551,0.099,1.282,0.6067,2,2,3,0,3.748,0.1696,0.0125,8,0,0.6024,0.395,2.86,1,10139.0,0.197,12,0,0,0
532,重生后，我抓住了偷儿子的凶手.txt,10224,734,13.929,69.859,12.188,55.539,0.0,0.0,0.6553,1.0,5.966,2.347,8.607,0.391,4.206,5.966,0.0,1.663,0.0,5,0,16,0,3.355,0.0,0.2917,5,1,0.6105,0.196,2.445,0,10224,0.391,14,0,0,0
533,重生后我让夫君娶了变成鹦鹉的堂姐.txt,10134,614,16.505,113.423,14.622,89.331,0.4629,25.261,0.5537,0.5831,7.993,10.559,1.974,0.0,5.23,5.822,0.099,1.283,0.1,0,2,3,0,2.349,0.4882,0.0935,3,0,0.6702,0.691,4.243,10,1013.4,0.789,16,0,0,0
534,重生回幼崽时期，我哭醒亲娘夺回嫡命.txt,11726,900,13.029,73.566,11.488,44.996,0.2909,18.506,0.7233,0.7589,4.776,1.023,2.047,0.341,2.047,9.381,0.085,1.535,0.0,0,3,10,0,3.258,0.2907,0.0,10,0,0.6514,0.085,1.023,0,11726,0.171,17,0,0,0
535,重生之高考围观：校花晕倒，我买瓜看戏.txt,18162,1279,14.2,127.976,11.742,77.521,0.377,20.042,0.6787,0.731,8.589,4.35,6.387,12.554,2.588,4.735,0.165,3.359,0.1167,3,1,10,1,3.238,0.1838,0.0253,3,0,0.5732,0.055,3.744,0,18162,0.165,18,0,0,0
536,竹马班长没收我的抗抑郁药转赠班花，重生后我发疯给了他一巴掌.txt,10131,874,11.592,41.107,11.206,39.341,0.3894,30.895,0.7838,0.6419,5.725,1.974,2.369,0.395,7.304,6.909,0.197,1.974,0.2267,1,4,36,0,3.78,0.2535,0.0,7,0,0.5982,0.0,0.79,0,10131,0.592,29,1,0,0
537,竹马骗我一起报二本，可开学那天他去了首都名校.txt,11257,448,25.127,285.884,23.252,228.775,0.2587,7.373,0.3058,0.8304,5.685,1.688,1.421,0.0,2.132,5.597,0.0,1.866,0.28,0,0,18,0,4.051,0.783,0.0,5,0,0.5737,0.267,6.041,0,11257,0.622,22,1,0,0
538,转身向山海，不候迟来人.txt,11518,657,17.531,108.146,15.176,56.167,0.4351,26.22,0.4947,0.5403,7.032,0.608,0.174,0.0,3.039,3.733,0.0,1.215,0.3467,2,0,3,0,3.238,0.276,0.0,30,0,0.6208,0.087,1.563,11,1047.1,1.215,11,0,0,0
539,赘婿驸马为白月光求平妻？我直接发配这对鸳鸯刷恭桶！.txt,17080,1279,13.354,46.085,12.317,42.409,0.3424,23.478,0.6873,0.6865,6.03,1.932,0.937,0.0,3.396,7.845,0.0,0.82,0.25,3,0,25,0,2.196,0.2693,0.1515,4,1,0.5861,0.0,0.585,0,17080,0.293,25,0,1,1
540,准新娘想白嫖我20万妆造，我用卸妆水让她在自己的婚礼丢尽颜面.txt,8278,361,22.931,230.092,20.358,159.587,0.5244,18.241,0.3795,0.5817,14.979,15.221,0.725,0.0,4.228,7.007,2.537,4.59,0.58,2,1,25,0,4.131,0.2766,0.0556,10,0,0.5888,0.0,9.664,0,8278,0.483,30,1,0,0
541,资助的小白花半夜卖惨求借住后，我接到未来女儿的来电.txt,10333,409,25.264,216.116,19.268,133.535,0.35,14.904,0.2567,0.6553,6.484,7.065,7.162,0.0,7.162,3.871,0.0,0.968,0.67,1,2,27,0,3.116,0.3259,0.0137,4,0,0.6516,0.484,2.323,0,10333,0.968,25,0,0,0
542,资助了六年的保洁救了我.txt,10258,504,20.353,54.891,17.418,57.03,0.5778,29.343,0.2857,0.4067,5.752,5.459,0.0,0.0,4.972,1.462,0.975,4.582,0.2967,0,2,28,0,2.7,0.3762,0.0179,6,0,0.6328,0.39,2.827,0,10258,0.975,11,1,0,0
543,锱铢必较后，亲爹悔疯了.txt,9984,622,16.051,99.426,14.505,72.852,0.2512,14.423,0.5932,0.7733,3.806,0.1,0.0,0.0,3.405,6.611,0.0,1.302,0.39,0,2,20,0,3.536,0.154,0.0,3,1,0.6348,0.0,1.002,0,9984,0.1,11,0,2,0
544,紫外线过敏被亲哥罚站升旗台后，我彻底心死.txt,10595,514,20.613,90.541,20.886,179.596,0.3159,14.441,0.2977,0.7218,2.643,12.081,3.775,1.51,6.984,5.097,0.283,1.888,0.3267,2,3,29,1,2.076,0.1396,0.0312,30,0,0.6752,0.566,1.888,0,10595,0.283,20,0,0,0
545,总是奔赴别人的老公，我和女儿不要他了.txt,11302,731,15.461,115.056,12.84,68.884,0.407,23.89,0.6443,0.6334,8.848,1.239,0.0,0.0,3.451,5.043,0.265,2.654,0.1633,0,2,2,0,2.469,0.2678,0.0714,9,0,0.626,0.442,1.858,0,11302,1.504,18,0,0,1
546,走向没人等我的未来.txt,9599,451,21.284,73.092,23.018,139.852,0.2854,13.751,0.2661,0.714,4.48,1.771,2.917,0.0,3.855,3.855,0.0,0.625,0.1067,0,0,25,0,3.042,0.1653,0.0,21,0,0.6905,0.0,2.813,0,9599,0.521,9,0,0,0
547,族规查出女儿非亲生后，我成全他的两情相悦.txt,23243,963,24.136,163.594,22.523,168.324,0.2683,8.175,0.242,0.8048,3.356,2.926,0.0,0.258,2.883,4.431,0.086,1.549,0.02,0,0,1,0,0.934,0.2998,0.0588,5,1,0.5731,0.172,1.377,0,23243,1.205,20,1,0,0
548,坐月子洗澡被小姑子偷拍后，我砸光全屋家底.txt,30664,2447,12.531,43.335,11.36,38.872,0.3859,30.003,0.7495,0.624,6.359,1.696,0.0,0.0,4.859,4.142,0.033,0.848,0.12,1,3,22,1,3.154,0.2237,0.1154,6,0,0.4674,0.065,0.881,0,30664,0.457,20,0,0,1
549,好巧，你老公跟我老公是同一个人.txt,10125,531,19.068,67.261,20.033,96.215,0.5054,22.123,0.3653,0.5782,4.741,12.543,0.198,0.0,3.951,5.333,0.988,3.951,0.2867,1,2,30,0,3.486,0.2261,0.063,4,0,0.5923,0.593,3.556,0,10125,0.198,15,1,0,1
550,好学生审判者.txt,10009,423,23.662,196.791,21.73,128.206,0.4203,14.387,0.279,0.6596,4.896,4.996,1.798,0.0,3.397,4.296,0.2,2.797,0.2167,0,1,42,0,2.608,0.3686,0.04,3,0,0.6469,0.2,3.896,0,10009,0.599,6,0,0,0
551,喝了我家五年免费汤，她侄女带人查封我家面馆.txt,13618,1098,12.403,43.505,11.537,41.285,0.377,30.401,0.755,0.623,6.389,1.689,0.441,0.0,3.158,4.112,0.367,3.158,0.2733,1,1,32,1,3.165,0.3385,0.0,3,0,0.6076,0.147,1.762,0,13618,0.734,21,1,0,0
552,和假千金雌竞？拜托，我这种精神小妹读书最狠了.txt,8852,766,11.556,37.581,10.591,35.339,0.5028,37.167,0.7768,0.5705,8.812,10.732,1.13,0.0,3.389,6.213,0.113,1.469,0.24,2,1,18,0,3.344,0.3476,0.0105,12,0,0.673,0.226,3.276,0,8852,0.791,22,1,0,1
553,和魔尊双向救赎的那些年.txt,12607,1135,11.107,31.705,10.076,31.331,0.3378,32.363,0.8211,0.6405,7.932,2.856,0.317,1.269,3.807,3.807,1.19,3.728,0.2633,1,3,27,1,3.244,0.2546,0.0556,33,0,0.6166,0.079,1.031,1,12607.0,0.476,11,0,0,0
554,恨海无涯泪作舟.txt,10198,521,19.574,110.129,18.687,138.176,0.3998,16.082,0.3858,0.6852,5.982,7.747,0.0,0.0,3.53,3.726,0.0,1.863,0.41,3,2,2,0,3.099,0.2667,0.0,11,0,0.6519,0.0,2.55,0,10198,0.784,7,0,0,0
555,侯府上下合谋换我儿，我亲手送他们流放.txt,15332,735,20.86,184.232,17.46,136.646,0.3293,13.827,0.4218,0.7184,3.718,5.153,1.304,10.436,4.109,5.544,0.065,0.587,0.0567,0,0,15,0,1.781,0.2203,0.038,28,0,0.5681,0.326,1.304,0,15332,0.196,18,0,0,0
556,侯府说我是真千金，可我明明是太子啊？.txt,9718,444,21.887,229.295,17.552,160.824,0.4591,27.886,0.4234,0.4955,6.997,8.85,0.0,2.058,6.071,6.997,0.0,1.235,0.3933,0,1,4,0,3.005,0.385,0.0349,7,1,0.668,0.206,2.881,0,9718,0.309,18,1,0,1
557,户口本凭空多出丈夫，我注销户籍后他疯了.txt,14576,829,17.583,144.952,13.553,83.313,0.3393,18.181,0.5271,0.7069,5.9,3.705,6.998,0.137,4.116,4.185,0.274,2.47,0.2833,3,3,28,0,3.574,0.1262,0.0,8,0,0.5997,0.206,2.127,0,14576,0.549,19,0,1,0
558,护国白虎上岗三百年，反手就把真公主捞回来了.txt,9867,778,12.683,51.821,11.658,55.275,0.2011,15.912,0.6774,0.7982,2.534,3.75,11.756,0.405,5.473,8.412,0.0,1.216,0.0533,0,3,21,0,1.834,0.1499,0.0811,5,1,0.6638,0.304,0.709,0,9867,0.101,21,1,0,0
559,滑档后，他亲手把我推向清华.txt,11866,736,16.122,132.399,14.027,104.875,0.3856,23.597,0.5965,0.644,9.692,1.18,0.0,9.102,1.938,2.95,0.0,3.961,0.56,1,2,4,0,3.472,0.673,0.2143,7,1,0.5919,0.0,2.528,0,11866,0.927,13,0,0,0
560,怀孕后，老公把我的主任名额给了小青梅.txt,10537,479,21.998,175.259,19.545,163.881,0.4986,19.455,0.3779,0.5762,8.826,3.511,3.606,0.0,3.606,5.504,0.285,1.708,0.27,1,0,27,0,3.35,0.3662,0.0541,2,0,0.6521,0.664,1.803,0,10537,0.569,18,0,0,1
561,怀孕后婆婆每天给我吃鹅蛋，大学室友叫我快逃命！.txt,11124,558,19.935,73.704,17.016,99.489,0.4381,20.856,0.3208,0.586,7.192,15.192,8.27,0.0,4.135,7.641,0.0,0.27,0.2967,2,1,19,0,3.164,0.395,0.0947,3,0,0.6177,0.539,3.416,0,11124,0.449,23,0,0,2
562,欢情晚渡，旧爱余辉.txt,11545,630,18.325,106.0,17.356,102.35,0.1926,11.174,0.481,0.7952,3.032,0.953,0.0,0.0,4.331,3.898,0.0,1.213,0.3933,0,1,2,0,3.768,0.0632,0.0,12,0,0.5786,0.087,0.693,0,11545,0.606,9,0,0,0
563,回家.txt,8836,1,8836.0,0.0,27.039,245.491,0.0,0.0,0.0,1.0,4.414,7.017,2.263,0.679,4.414,5.545,0.905,1.698,0.0,0,0,8836,0,2.965,0.0,0.129,8836,1,0.6969,0.226,3.961,0,8836,0.792,2,0,0,0
564,婚房装修好那天，我突然不想结婚了.txt,11049,535,20.652,110.302,19.81,127.559,0.44,26.247,0.3626,0.4729,7.059,0.724,0.0,0.0,1.901,3.982,0.0,0.815,0.2467,1,0,2,0,3.684,0.381,0.875,19,0,0.5788,0.272,3.53,0,11049,0.724,16,0,0,0
565,婚礼大屏播放骗婚录音，我当众悔婚，渣男滚！.txt,24340,1484,16.402,152.668,12.418,52.679,0.5451,30.485,0.6314,0.5108,12.449,0.534,0.0,0.0,3.78,5.588,0.0,0.411,0.2767,3,1,36,0,3.188,0.4528,0.2308,53,0,0.5064,0.123,1.438,0,24340,0.616,21,0,0,0
566,婚礼当天被污蔑，她直接换嫁我兄弟了！.txt,9621,474,20.297,97.384,18.612,94.486,0.4686,22.763,0.3439,0.538,5.197,5.717,2.183,0.0,4.781,6.028,0.728,2.495,0.34,0,0,22,0,3.201,0.3627,0.1091,12,0,0.628,0.728,2.806,0,9621,0.52,18,0,1,0
567,婚礼前，他把我的第五根肋骨送给了青梅.txt,12267,568,21.597,123.41,18.597,84.812,0.2851,17.201,0.3169,0.6831,4.239,0.408,0.0,0.0,3.668,2.283,0.163,3.016,0.1867,1,1,25,0,3.318,0.1932,0.0,3,1,0.6178,0.0,0.326,0,12267,1.63,18,1,0,0
568,婚礼上公公逼我放弃15套房，我签字悔婚，全场炸锅.txt,13736,1088,12.625,31.692,11.138,32.981,0.3673,26.063,0.7178,0.671,3.058,6.334,6.407,0.291,2.766,4.222,0.364,2.912,0.2367,1,1,21,1,3.356,0.1194,0.023,16,0,0.5958,0.437,1.092,0,13736,0.146,24,1,0,1
569,火光尽处，故人长辞.txt,10204,653,15.626,60.139,14.531,55.339,0.2481,15.68,0.5222,0.755,3.038,0.882,0.0,0.0,3.332,3.724,0.196,1.862,0.05,3,0,13,0,3.606,0.0695,0.0,12,0,0.671,0.294,1.176,0,10204,2.156,9,0,0,0
570,火海救人被讹八万后，我的战友群炸了.txt,11793,812,14.523,69.19,12.219,56.198,0.4118,26.287,0.633,0.6182,5.681,14.076,4.409,0.0,6.36,3.731,0.848,3.561,0.0,1,3,1,0,2.527,0.2424,0.0361,9,0,0.6521,0.339,4.833,0,11793,0.339,17,1,0,0
571,急性子真千金变豪门淑女后，全家都求她变回去.txt,9868,823,11.99,29.278,11.508,32.896,0.4359,35.671,0.7704,0.5723,8.31,0.709,0.0,0.203,5.776,3.648,0.0,1.723,0.0767,1,5,2,0,3.263,0.2989,0.1429,15,0,0.6472,0.203,1.317,0,9868,0.608,21,1,0,1
572,急诊科窝了三年，老婆带队来铐我.txt,38073,2607,14.604,134.823,11.582,72.338,0.4397,28.13,0.6728,0.6203,7.827,1.182,1.681,17.703,2.758,2.311,0.079,1.313,0.3267,3,4,22,0,2.585,0.3564,0.0444,39,1,0.4846,0.026,1.445,11,3461.2,0.972,15,1,0,1
573,继承了爷爷留下的十八条老狗后，我暴富了.txt,10604,452,23.46,186.293,18.828,107.802,0.3653,17.163,0.2987,0.6593,7.356,5.375,3.206,0.0,4.149,3.301,0.472,2.641,0.2967,3,0,3,0,2.518,0.2337,0.0526,4,0,0.6407,0.189,2.546,10,1060.4,0.943,19,1,0,0
574,假千金患有富贵病，全京城的大佬都抢着伺候.txt,10404,534,19.483,70.085,16.96,72.86,0.3564,17.013,0.2903,0.6742,3.076,12.976,0.0,0.384,5.286,8.362,0.0,1.057,0.1833,0,0,1,0,2.086,0.0653,0.0444,27,0,0.6764,0.769,2.115,0,10404,0.673,20,1,0,1
575,假千金推我下楼，不好意思我有点疯.txt,10791,432,24.979,178.303,23.146,238.407,0.3475,13.344,0.2593,0.6921,5.097,9.36,3.892,0.185,6.487,5.653,0.0,1.205,0.2667,1,2,18,0,2.382,0.3481,0.0,10,0,0.6627,1.019,1.483,0,10791,1.112,16,1,0,1
576,假千金一头撞死后，我成了全家罪人.txt,9849,363,27.132,161.211,22.565,171.16,0.3081,12.184,0.135,0.6722,6.194,4.569,0.0,0.0,2.944,7.615,0.0,0.914,0.17,0,4,2,0,2.894,0.1746,0.0444,17,0,0.6727,0.305,1.726,0,9849,0.812,16,1,0,1
577,假千金在我面前装柔弱，但我只想凭本事赢.txt,10932,544,20.096,118.336,9.352,34.645,0.0,0.0,0.4246,1.0,5.488,0.549,0.0,13.904,3.659,2.836,0.091,1.098,0.0,2,1,19,0,2.79,0.0,0.8333,10,0,0.5857,0.0,1.189,0,10932,0.549,19,1,0,1
578,假少爷在我面前装柔弱，但我只想战斗爽.txt,10910,542,20.129,119.784,9.311,32.186,0.0,0.0,0.4262,1.0,5.5,0.55,0.0,13.932,3.575,2.841,0.092,1.467,0.0,2,1,26,1,2.768,0.0,0.8333,10,0,0.5864,0.0,1.192,0,10910,0.55,18,0,0,0
579,假小子搅黄兄弟五段姻缘，碰上我对象彻底翻车了.txt,10958,599,18.294,161.106,15.929,110.509,0.3797,21.446,0.5342,0.6394,6.844,1.369,3.65,9.491,4.745,4.107,0.365,1.186,0.2367,1,0,22,0,2.145,0.2856,0.1333,23,0,0.598,0.274,3.833,10,1095.8,0.73,22,1,0,0
580,健身房教练要我给他带咖啡，成本200的蓝山他给9.9.txt,10476,493,21.249,122.426,17.982,93.143,0.5065,19.473,0.3611,0.6045,7.827,6.205,3.627,0.0,5.059,5.25,1.05,4.391,0.3467,2,0,21,0,2.682,0.2103,0.0923,17,0,0.66,0.477,2.673,0,10476,1.05,26,1,0,0
581,江风散旧誓，雪落不逢人.txt,11992,820,14.624,87.8,13.21,59.602,0.309,20.764,0.6476,0.6963,6.838,0.25,0.0,0.0,1.501,4.003,0.0,1.001,0.19,2,1,30,0,3.569,0.1442,0.0,5,1,0.5858,0.0,1.918,0,11992,0.584,11,0,0,0
582,接亲当天，婚车先接了青梅，我取消了婚礼.txt,10061,633,15.894,58.133,14.293,47.928,0.2524,15.307,0.5292,0.7567,5.864,0.099,0.0,0.0,2.684,1.69,0.0,0.099,0.3367,1,1,23,0,2.833,0.1893,0.0,14,0,0.4827,0.0,0.696,0,10061,0.199,19,0,0,0
583,借来的三年春光.txt,9772,475,20.573,118.641,22.156,167.573,0.3499,16.066,0.3474,0.6695,5.117,3.377,0.0,0.614,4.605,7.368,0.0,0.102,0.2567,2,0,23,0,2.446,0.2454,0.0303,22,0,0.674,1.33,2.968,0,9772,0.614,7,1,0,0
584,今天的你我，不必再重复昨天的故事.txt,9875,784,12.596,36.055,12.193,40.696,0.411,31.595,0.7092,0.602,6.177,0.0,1.418,0.0,1.519,5.975,0.0,1.316,0.3133,2,0,23,1,3.565,0.3148,0.0,11,0,0.5655,0.506,1.215,0,9875,0.709,16,0,0,0
585,金主让耳根子软的我去相亲后，我成了千万富婆.txt,14034,587,23.908,183.549,22.472,176.896,0.1791,8.479,0.2947,0.8007,5.558,1.069,2.85,0.428,3.278,4.988,0.0,1.354,0.37,1,1,21,0,3.712,0.057,0.0,65,0,0.589,0.57,1.995,0,14034,0.641,21,1,0,0
586,尽日寻春不见春.txt,8922,547,16.311,120.541,17.124,143.161,0.363,15.131,0.5722,0.755,4.707,5.38,1.345,1.121,3.475,4.82,0.224,1.681,0.3133,1,0,1,0,3.284,0.2013,0.0625,5,1,0.6795,0.336,3.923,0,8922,0.897,7,0,0,0
001,1800机票不批让我坐高铁，8400万废标后董事长怒了.txt,9721,566,17.175,178.476,14.604,85.774,0.5016,26.952,0.5724,0.5371,9.258,0.0,0.0,0.0,2.572,2.469,1.852,7.098,0.4367,7,3,11,0,2.932,0.2014,0.0,20,0,0.5811,0.0,1.234,0,9721,0.823,27,1,1,0
002,8600万分完后，16亿合同停了.txt,34656,2760,12.557,40.071,11.643,38.134,0.5152,37.194,0.7417,0.533,5.684,0.664,0.115,0.0,1.5,2.799,0.317,3.665,0.0,0,1,15,0,1.899,0.2755,0.0,17,0,0.4531,0.029,0.231,0,34656,0.462,16,1,0,0
003,爱意死在第三次失望里.txt,12110,738,16.409,74.934,15.577,75.658,0.4792,29.149,0.5474,0.5217,4.707,3.386,1.486,0.0,3.386,6.606,0.495,1.734,0.6167,2,0,18,1,3.939,0.121,0.0,36,0,0.5618,0.165,0.578,0,12110,0.248,10,1,0,0
004,爱越云海，故人不候.txt,10426,560,18.618,83.543,16.647,84.744,0.3664,16.401,0.4393,0.6946,4.604,8.824,2.494,0.192,4.316,4.892,0.0,0.671,0.12,0,0,10,0,3.04,0.5388,0.0217,11,0,0.6808,0.192,3.549,0,10426,1.151,9,0,0,0
005,把悲伤留在过去，他给的伤害让他带走.txt,9474,584,16.223,59.127,15.927,56.886,0.4226,24.171,0.5,0.6079,4.117,1.372,0.211,0.0,3.694,4.855,0.106,2.322,0.3567,2,0,30,0,2.85,0.1468,0.0,11,0,0.6553,0.0,1.583,0,9474,1.056,17,0,0,0
006,把我赐婚给暗卫后，王爷他悔吐血.txt,10128,503,20.135,98.654,19.47,112.609,0.3899,19.451,0.3539,0.6083,5.43,4.838,2.765,0.0,2.863,5.332,0.099,1.58,0.38,1,1,23,0,2.231,0.3159,0.0816,6,1,0.7048,0.592,3.258,0,10128,0.691,15,0,0,0
007,把我的保研名额换给废物姐姐后，全家遭了报应.txt,11884,671,17.711,54.298,15.136,58.514,0.3183,16.156,0.3964,0.7139,5.217,10.434,2.693,0.168,7.489,6.143,0.252,0.757,0.2633,0,2,11,0,2.179,0.1386,0.0645,44,0,0.6495,0.841,2.188,0,11884,0.673,21,0,0,0
008,把我送给王爷解毒后，未婚夫他悔疯了.txt,10268,557,18.434,79.046,18.81,104.293,0.3385,19.575,0.4237,0.6463,6.623,3.311,4.48,0.195,3.311,5.356,0.097,1.656,0.1733,3,0,18,1,3.496,0.1237,0.0,6,1,0.7163,0.974,2.824,0,10268,0.0,17,0,2,0
009,爸爸为私生女改我志愿，我反手让她退档.txt,10139,630,16.094,104.844,15.398,104.0,0.3442,15.978,0.5905,0.7429,4.537,4.734,1.184,0.789,5.72,3.945,0.493,5.03,0.0,0,2,10,0,3.176,0.1174,0.125,5,1,0.6246,0.296,2.466,0,10139,0.493,18,0,0,0
010,爸妈，我不想再做姐姐的墓碑了.txt,10086,637,15.834,47.756,14.934,74.296,0.3198,16.26,0.5651,0.7441,6.445,4.561,0.0,0.0,5.156,5.255,0.0,2.28,0.17,2,4,1,0,3.421,0.3528,0.0435,13,0,0.6356,0.099,2.38,0,10086,0.694,14,0,0,0
